{
  "n_total_files": 4125,
  "n_sampled_files": 200,
  "latent_shape": [
    4,
    32,
    32,
    32
  ],
  "mean": -0.011517368257045746,
  "std": 0.8043791055679321,
  "min": -7.4375,
  "max": 7.8125,
  "percentiles": {
    "0.1": -3.296875,
    "1": -2.28125,
    "5": -1.359375,
    "50": -0.0001544952392578125,
    "95": 1.2890625,
    "99": 2.078125,
    "99.9": 3.078125
  },
  "per_channel": [
    {
      "c": 0,
      "mean": -0.02125447802245617,
      "std": 0.6031098365783691,
      "min": -5.5625,
      "max": 5.03125,
      "p99.9": 2.375,
      "p0.1": -2.40625
    },
    {
      "c": 1,
      "mean": -0.01966985873878002,
      "std": 1.0939900875091553,
      "min": -5.96875,
      "max": 7.8125,
      "p99.9": 3.5,
      "p0.1": -3.6875
    },
    {
      "c": 2,
      "mean": -0.004484178964048624,
      "std": 0.6156277656555176,
      "min": -6.5,
      "max": 5.9375,
      "p99.9": 2.46875,
      "p0.1": -2.515625
    },
    {
      "c": 3,
      "mean": -0.0006609761039726436,
      "std": 0.8051201105117798,
      "min": -7.4375,
      "max": 6.53125,
      "p99.9": 3.09375,
      "p0.1": -3.125
    }
  ],
  "safe_threshold": 6.0,
  "suggested_scale_factor": 1.2431948978758587,
  "raw_clamp_ratio": 2.5177001953125e-06,
  "scaled_clamp_ratio": 2.445220947265625e-05,
  "high_freq_indicator_mean": {
    "base_energy": 0.6609497457742691,
    "diff_energy": 3.2518144965171816,
    "diff/base": 4.79528272449687
  },
  "bad_load_count": 0
}