{
  "pred_latent_path": "E:\\chendou\\paper_code\\stage07_latent_ldm_code\\generated_latent.npy",
  "gt_latent_path": "D:\\多尺度岩心数据集\\LDM_Data\\Latent_NPY\\w192_s64\\6-6-22_Global_Consistency_z3840_y192_x256.npy",
  "gt_voxel_path": "D:\\多尺度岩心数据集\\LDM_Data\\Raw_NPY\\w192_s64\\6-6-22_Global_Consistency_z3840_y192_x256.npy",
  "gt_phi_path": "D:\\多尺度岩心数据集\\LDM_Data\\Phi_Maps_NPY\\w192_s64\\6-6-22_Global_Consistency_z3840_y192_x256.npy",
  "pred_shape": [
    4,
    24,
    24,
    24
  ],
  "pred_min": -5.671117305755615,
  "pred_max": 5.665348529815674,
  "pred_mean": -0.08079767227172852,
  "pred_std": 1.0772087574005127,
  "latent_mae": 0.9328659772872925,
  "latent_mse": 1.7511839866638184,
  "latent_rmse": 1.323323130607605,
  "latent_eval_shape": [
    4,
    24,
    24,
    24
  ],
  "voxel_dice": 0.9053854749160004,
  "voxel_iou": 0.8271272253093133,
  "voxel_precision": 0.9600153330657845,
  "voxel_recall": 0.8566383064538093,
  "porosity_pred": 0.8558339719419126,
  "porosity_gt": 0.9591139334219473,
  "porosity_abs_err": 0.10327996148003471,
  "bin_phi_mae": 0.11184381693601608,
  "bin_phi_mse": 0.023990580812096596,
  "bin_phi_rmse": 0.15488892793655396,
  "bin_phi_corr": 0.3169556617044666,
  "prob_phi_mae": 0.1132538914680481,
  "prob_phi_mse": 0.02380310371518135,
  "prob_phi_rmse": 0.15428254008293152,
  "prob_phi_corr": 0.3122744998046613
}