{"consistency": {"raw": [65535, 65535, 34648, 65535, 65535, 65535, 65535, 65535, 65535, 65535, 65535, 65535, 65535, 65535, 65535, 65535, 65535, 34725, 65535, 65535, 65535, 8056, 65535, 65535, 65535, 65535, 65535, 65535, 65535, 37321, 65535, 65535, 38657, 65535, 65535, 65535, 65535, 65535, 65535, 65535, 65535, 65535, 65535, 65535, 65535, 65535, 65535, 65535, 65535, 65535, 65535, 65535, 33207, 65535, 65535, 65535, 65535, 65535, 65535, 65535, 65535, 65535, 65535, 35894, 65535, 65535, 65535, 65535, 65535, 65535, 65535, 36619, 65535, 65535, 65535, 65535, 65535, 65535, 65535, 65535, 65535, 65535, 39514, 65535, 65535, 65535, 65535, 65535, 65535, 65535, 65535, 65535, 65535, 10203, 65535, 65535, 65535, 37243, 65535, 65535, 65535, 33694, 65535, 32647, 32664, 39100, 30999, 65535, 65535, 35334, 65535, 65535, 32027, 36251, 65535, 32062, 39535, 34027, 65535, 65535, 31445, 30515, 65535, 65535, 65535, 30060, 33169, 39440, 65535, 31042, 65535, 65535, 32466, 36845, 37550, 30848, 65535, 35565], "processed": [49008, 2028, 45530, 46908, 2009, 42861, 42261, 44615, 44692, 45026, 45046, 45741, 2113, 41530, 49432, 41572, 47421, 45065, 46027, 2021, 45279, 44277, 46889, 44732, 45760, 46141, 2006, 41824, 40786, 36511, 42593, 2000, 48956, 52801, 44672, 47017, 45105, 2166, 41803, 2078, 46008, 41803, 2014, 2009, 2081, 41593, 49381, 42075, 45530, 2497, 43588, 41677, 42015, 45022, 48381, 50647, 2057, 2032, 43500, 2014, 41955, 2020, 43619, 2068, 40490, 44502, 40268, 2102, 41892, 2099, 45563, 42413, 34325, 2009, 42200, 2064, 40299, 2394, 2006, 43707, 40552, 46622, 2012, 49043, 48094, 44848, 41335, 45959, 2251, 2222, 43826, 2045, 2305, 45223, 41304, 43439, 2012, 2015, 2058, 2004, 48273, 2002, 49317, 2015, 50346, 2020, 2013, 2066, 51948, 50318, 2039, 2002, 2000, 2003, 49428, 2006, 2000, 53841, 2005, 2022, 44888, 2053, 2024, 2025, 50239, 2116, 2100, 44953, 54688, 47601, 46489, 48729, 47660, 50372, 55406, 2003, 50213, 51277, 2021, 49235, 2005, 2039]}, "rev": {"Final_Result_Sorted_w192_s64": [{"sizes": [16, 24, 32, 40, 48, 56, 64, 72, 80, 88, 96, 104, 112, 120, 128, 136, 144, 152, 160, 168, 176, 184], "phis": [1.0, 1.0, 0.999755859375, 0.98284375, 0.9524920428240741, 0.9229227405247813, 0.8969001770019531, 0.8686208633401921, 0.837224609375, 0.8126335344665665, 0.7919503671151621, 0.7781518476900319, 0.7722075437317785, 0.7695104166666666, 0.7659130096435547, 0.7603754547883167, 0.7524213123713992, 0.7443003717743111, 0.738490478515625, 0.7331026532636864, 0.7293867172825883, 0.7273004399708227]}, {"sizes": [16, 24, 32, 40, 48, 56, 64, 72, 80, 88, 96, 104, 112, 120, 128, 136, 144, 152, 160, 168, 176, 184], "phis": [0.941650390625, 0.8924334490740741, 0.846649169921875, 0.824140625, 0.8135308159722222, 0.8129783163265306, 0.8140487670898438, 0.8190827546296297, 0.8287109375, 0.8403998990420737, 0.8553116409866898, 0.8695940131429222, 0.8823982438957726, 0.8927829861111111, 0.9022307395935059, 0.9117738493537554, 0.9193940757887518, 0.9260913466795451, 0.93241552734375, 0.9379643970683511, 0.9426185155076071, 0.9468122983788115]}, {"sizes": [16, 24, 32, 40, 48, 56, 64, 72, 80, 88, 96, 104, 112, 120, 128, 136, 144, 152, 160, 168, 176, 184], "phis": [1.0, 1.0, 1.0, 1.0, 0.9998824508101852, 0.9997152879008746, 0.9995307922363281, 0.9992792995541838, 0.99887890625, 0.9983242158151766, 0.9982164171006944, 0.9982886820095584, 0.9982404792274052, 0.9979340277777777, 0.9974308013916016, 0.9967918341644616, 0.9961999126586076, 0.994882408149876, 0.992642822265625, 0.990176378090919, 0.9875451595956988, 0.9845453185357935]}]}}