{
  "pred_latent_path": "E:\\chendou\\paper_code\\stage07_latent_ldm_code\\generated_latent.npy",
  "gt_latent_path": "D:\\多尺度岩心数据集\\LDM_Data\\Latent_NPY\\w192_s64\\6-6-22_Global_Consistency_z832_y576_x192.npy",
  "gt_voxel_path": "D:\\多尺度岩心数据集\\LDM_Data\\Raw_NPY\\w192_s64\\6-6-22_Global_Consistency_z832_y576_x192.npy",
  "gt_phi_path": "D:\\多尺度岩心数据集\\LDM_Data\\Phi_Maps_NPY\\w192_s64\\6-6-22_Global_Consistency_z832_y576_x192.npy",
  "pred_shape": [
    4,
    24,
    24,
    24
  ],
  "pred_min": -5.671541690826416,
  "pred_max": 5.644542217254639,
  "pred_mean": -0.2685289978981018,
  "pred_std": 1.0741783380508423,
  "latent_mae": 1.0277698040008545,
  "latent_mse": 1.8743233680725098,
  "latent_rmse": 1.3690593242645264,
  "latent_eval_shape": [
    4,
    24,
    24,
    24
  ],
  "voxel_dice": 0.7484685339867148,
  "voxel_iou": 0.598042122241591,
  "voxel_precision": 0.9592005281550999,
  "voxel_recall": 0.6136519836902369,
  "porosity_pred": 0.6097015098289207,
  "porosity_gt": 0.9530255353009259,
  "porosity_abs_err": 0.34332402547200525,
  "bin_phi_mae": 0.34332403540611267,
  "bin_phi_mse": 0.15797410905361176,
  "bin_phi_rmse": 0.39745956659317017,
  "bin_phi_corr": 0.10384028643451644,
  "prob_phi_mae": 0.35468634963035583,
  "prob_phi_mse": 0.16208221018314362,
  "prob_phi_rmse": 0.40259435772895813,
  "prob_phi_corr": 0.1058197184898977
}