{
  "num_samples": 20,
  "bin_phi_corr_mean": 0.33031654585724096,
  "bin_phi_corr_std": 0.33106353303743447,
  "bin_phi_corr_min": -0.29834209474961404,
  "bin_phi_corr_max": 0.871827036343029,
  "bin_phi_mae_mean": 0.10107961669564247,
  "bin_phi_mae_std": 0.05563792992711908,
  "bin_phi_mae_min": 0.029638078063726425,
  "bin_phi_mae_max": 0.20337733626365662,
  "bin_phi_mse_mean": 0.021441806200891735,
  "bin_phi_mse_std": 0.018837552867174985,
  "bin_phi_mse_min": 0.0015562742482870817,
  "bin_phi_mse_max": 0.07031748443841934,
  "bin_phi_rmse_mean": 0.13156021758913994,
  "bin_phi_rmse_std": 0.06429397791514198,
  "bin_phi_rmse_min": 0.03944964334368706,
  "bin_phi_rmse_max": 0.2651744484901428,
  "latent_mae_mean": 0.7170861661434174,
  "latent_mae_std": 0.11863771556992365,
  "latent_mae_min": 0.5174834728240967,
  "latent_mae_max": 0.9581917524337769,
  "latent_mse_mean": 0.9785783439874649,
  "latent_mse_std": 0.24027849074820212,
  "latent_mse_min": 0.5823538303375244,
  "latent_mse_max": 1.547451138496399,
  "latent_rmse_mean": 0.9819724678993225,
  "latent_rmse_std": 0.11961771403711108,
  "latent_rmse_min": 0.7631211280822754,
  "latent_rmse_max": 1.2439658641815186,
  "phi_layer0_bias_mean": 0.07893816731520928,
  "phi_layer0_bias_std": 0.0651575592427783,
  "phi_layer0_bias_min": -0.0242292620241642,
  "phi_layer0_bias_max": 0.2053917795419693,
  "phi_layer0_mae_mean": 0.09992010351270438,
  "phi_layer0_mae_std": 0.059558748573369014,
  "phi_layer0_mae_min": 0.0231797955930233,
  "phi_layer0_mae_max": 0.20996686816215515,
  "phi_layer_last_bias_mean": 0.08175110240117647,
  "phi_layer_last_bias_std": 0.07212352715036752,
  "phi_layer_last_bias_min": -0.002444797195494175,
  "phi_layer_last_bias_max": 0.24301613867282867,
  "phi_layer_last_mae_mean": 0.1061518557369709,
  "phi_layer_last_mae_std": 0.06791985074717054,
  "phi_layer_last_mae_min": 0.027902815490961075,
  "phi_layer_last_mae_max": 0.24301613867282867,
  "porosity_abs_err_mean": 0.08128851431387443,
  "porosity_abs_err_std": 0.060951606929620455,
  "porosity_abs_err_min": 0.0002968399612992556,
  "porosity_abs_err_max": 0.17473856608072913,
  "porosity_gt_mean": 0.8717096258092809,
  "porosity_gt_std": 0.08288952288989974,
  "porosity_gt_min": 0.7113504763002749,
  "porosity_gt_max": 0.9893841213650174,
  "porosity_pred_mean": 0.9503887176513672,
  "porosity_pred_std": 0.028019801823114858,
  "porosity_pred_min": 0.8690243473759404,
  "porosity_pred_max": 0.9882166827166522,
  "pred_bin_porosity_mean": 0.9503887176513672,
  "pred_bin_porosity_std": 0.028019801823114858,
  "pred_bin_porosity_min": 0.8690243473759404,
  "pred_bin_porosity_max": 0.9882166827166522,
  "pred_latent_mean_mean": -0.04646573890931904,
  "pred_latent_mean_std": 0.02387405336157366,
  "pred_latent_mean_min": -0.09689343720674515,
  "pred_latent_mean_max": -0.007276225835084915,
  "pred_latent_std_mean": 0.5880158245563507,
  "pred_latent_std_std": 0.08299802307737383,
  "pred_latent_std_min": 0.47976988554000854,
  "pred_latent_std_max": 0.7531208992004395,
  "pred_prob_mean_mean": 0.9494911819696427,
  "pred_prob_mean_std": 0.027999920505861395,
  "pred_prob_mean_min": 0.8679520487785339,
  "pred_prob_mean_max": 0.988081693649292,
  "pred_prob_std_mean": 0.20266246423125267,
  "pred_prob_std_std": 0.04938178300044547,
  "pred_prob_std_min": 0.10524414479732513,
  "pred_prob_std_max": 0.3258294463157654,
  "prob_phi_corr_mean": 0.3310796207794742,
  "prob_phi_corr_std": 0.3317591609861491,
  "prob_phi_corr_min": -0.30204207343857586,
  "prob_phi_corr_max": 0.8728581412990585,
  "prob_phi_mae_mean": 0.10056858798488974,
  "prob_phi_mae_std": 0.0550841663486444,
  "prob_phi_mae_min": 0.030177129432559013,
  "prob_phi_mae_max": 0.20150548219680786,
  "prob_phi_mse_mean": 0.021234928420744835,
  "prob_phi_mse_std": 0.018641790603126526,
  "prob_phi_mse_min": 0.0015612728893756866,
  "prob_phi_mse_max": 0.06987988948822021,
  "prob_phi_rmse_mean": 0.13096466176211835,
  "prob_phi_rmse_std": 0.06389981260878352,
  "prob_phi_rmse_min": 0.03951294720172882,
  "prob_phi_rmse_max": 0.2643480598926544,
  "sample_index_mean": 9.5,
  "sample_index_std": 5.766281297335398,
  "sample_index_min": 0.0,
  "sample_index_max": 19.0,
  "seed_mean": 461509.15,
  "seed_std": 279878.74845087377,
  "seed_min": 29563.0,
  "seed_max": 942913.0,
  "time_sec_mean": 67.83635902404785,
  "time_sec_std": 0.8890357995687389,
  "time_sec_min": 67.24008965492249,
  "time_sec_max": 71.57919764518738,
  "voxel_dice_mean": 0.9155016864917129,
  "voxel_dice_std": 0.04913748924874981,
  "voxel_dice_min": 0.8082227369262721,
  "voxel_dice_max": 0.9769948825312577,
  "voxel_iou_mean": 0.8478709085832306,
  "voxel_iou_std": 0.08173224135455726,
  "voxel_iou_min": 0.6781659308063777,
  "voxel_iou_max": 0.9550244332586237,
  "voxel_precision_mean": 0.8786439708075443,
  "voxel_precision_std": 0.0770316444037541,
  "voxel_precision_min": 0.7349016567935155,
  "voxel_precision_max": 0.9890081741496041,
  "voxel_recall_mean": 0.9584574410607372,
  "voxel_recall_std": 0.021654827718582223,
  "voxel_recall_min": 0.8977957476068329,
  "voxel_recall_max": 0.9880216435843564,
  "z_head_porosity_gap_mean": 0.03259150187174478,
  "z_head_porosity_gap_std": 0.0786954479441859,
  "z_head_porosity_gap_min": -0.10378350151909721,
  "z_head_porosity_gap_max": 0.18243916829427076,
  "z_head_porosity_gt_mean": 0.8478512234157985,
  "z_head_porosity_gt_std": 0.09280133921212198,
  "z_head_porosity_gt_min": 0.6930508083767362,
  "z_head_porosity_gt_max": 0.9999983045789931,
  "z_head_porosity_pred_mean": 0.8804427252875436,
  "z_head_porosity_pred_std": 0.03135801243454006,
  "z_head_porosity_pred_min": 0.7981635199652778,
  "z_head_porosity_pred_max": 0.9235042995876737,
  "z_tail_porosity_gap_mean": 0.10017327202690973,
  "z_tail_porosity_gap_std": 0.07731640656978127,
  "z_tail_porosity_gap_min": -0.0012529161241319198,
  "z_tail_porosity_gap_max": 0.27227783203125,
  "z_tail_porosity_gt_mean": 0.8654616461859808,
  "z_tail_porosity_gt_std": 0.09300741499963901,
  "z_tail_porosity_gt_min": 0.6931644015842013,
  "z_tail_porosity_gt_max": 0.9691382514105903,
  "z_tail_porosity_pred_mean": 0.9656349182128905,
  "z_tail_porosity_pred_std": 0.044468393379658126,
  "z_tail_porosity_pred_min": 0.8487175835503472,
  "z_tail_porosity_pred_max": 1.0,
  "ckpt": "E:\\chendou\\paper_code\\stage07_latent_ldm_code\\exp_results\\stage07_patch_ldm_v1\\models\\unet_epoch_44.pth",
  "phi_dir": "D:\\多尺度岩心数据集\\LDM_Data\\Phi_Maps_NPY\\w192_s64",
  "num_selected": 20,
  "sample_mode": "random",
  "sample_seed": 2026,
  "seed_mode": "name_hash",
  "threshold": 0.5,
  "ddim_steps": 200,
  "infer_use_ema": true,
  "infer_order": "ijk",
  "infer_direction": "+++",
  "infer_random_order": true,
  "infer_random_direction": true
}