{
  "pred_latent_path": "E:\\chendou\\paper_code\\stage07_latent_ldm_code\\generated_latent.npy",
  "gt_latent_path": "D:\\多尺度岩心数据集\\LDM_Data\\Latent_NPY\\w192_s64\\6-6-22_Global_Consistency_z3008_y128_x384.npy",
  "gt_voxel_path": "D:\\多尺度岩心数据集\\LDM_Data\\Raw_NPY\\w192_s64\\6-6-22_Global_Consistency_z3008_y128_x384.npy",
  "gt_phi_path": "D:\\多尺度岩心数据集\\LDM_Data\\Phi_Maps_NPY\\w192_s64\\6-6-22_Global_Consistency_z3008_y128_x384.npy",
  "pred_shape": [
    4,
    24,
    24,
    24
  ],
  "pred_min": -5.664732933044434,
  "pred_max": 5.14512300491333,
  "pred_mean": 0.2124517560005188,
  "pred_std": 0.6531187891960144,
  "latent_mae": 0.7101848721504211,
  "latent_mse": 0.9140552878379822,
  "latent_rmse": 0.956062376499176,
  "latent_eval_shape": [
    4,
    24,
    24,
    24
  ],
  "voxel_dice": 0.6813732899891606,
  "voxel_iou": 0.5167294768233228,
  "voxel_precision": 0.5352535715846592,
  "voxel_recall": 0.9372288842734987,
  "porosity_pred": 0.8792973271122685,
  "porosity_gt": 0.5021687260380497,
  "porosity_abs_err": 0.37712860107421875,
  "bin_phi_mae": 0.37712860107421875,
  "bin_phi_mse": 0.18791921436786652,
  "bin_phi_rmse": 0.43349650502204895,
  "bin_phi_corr": 0.555733592189144,
  "prob_phi_mae": 0.37657666206359863,
  "prob_phi_mse": 0.1875404566526413,
  "prob_phi_rmse": 0.433059424161911,
  "prob_phi_corr": 0.5552949718585423
}