{
  "pred_latent_path": "E:\\chendou\\paper_code\\stage07_latent_ldm_code\\generated_latent.npy",
  "gt_latent_path": "D:\\多尺度岩心数据集\\LDM_Data\\Latent_NPY\\w192_s64\\6-6-21_Global_Consistency_z4864_y320_x192.npy",
  "gt_voxel_path": "D:\\多尺度岩心数据集\\LDM_Data\\Raw_NPY\\w192_s64\\6-6-21_Global_Consistency_z4864_y320_x192.npy",
  "gt_phi_path": "D:\\多尺度岩心数据集\\LDM_Data\\Phi_Maps_NPY\\w192_s64\\6-6-21_Global_Consistency_z4864_y320_x192.npy",
  "pred_shape": [
    4,
    24,
    24,
    24
  ],
  "pred_min": -5.667696952819824,
  "pred_max": 4.697807788848877,
  "pred_mean": -0.09621677547693253,
  "pred_std": 0.6711210608482361,
  "latent_mae": 0.6878316402435303,
  "latent_mse": 0.961244523525238,
  "latent_rmse": 0.9804307818412781,
  "latent_eval_shape": [
    4,
    24,
    24,
    24
  ],
  "voxel_dice": 0.8924270148371053,
  "voxel_iou": 0.8057500740737665,
  "voxel_precision": 0.9412544199333998,
  "voxel_recall": 0.8484156066173627,
  "porosity_pred": 0.8188345167371962,
  "porosity_gt": 0.9084363866735388,
  "porosity_abs_err": 0.08960186993634256,
  "bin_phi_mae": 0.1133253276348114,
  "bin_phi_mse": 0.03687749430537224,
  "bin_phi_rmse": 0.19203513860702515,
  "bin_phi_corr": 0.8085942282471192,
  "prob_phi_mae": 0.11127025634050369,
  "prob_phi_mse": 0.03548663482069969,
  "prob_phi_rmse": 0.1883789598941803,
  "prob_phi_corr": 0.8091559339810029
}