{
  "num_samples": 40,
  "bin_phi_corr_mean": 0.18452143846309715,
  "bin_phi_corr_std": 0.2600419333725097,
  "bin_phi_corr_min": -0.13125076523529103,
  "bin_phi_corr_max": 0.869329988906361,
  "bin_phi_mae_mean": 0.10455139297991992,
  "bin_phi_mae_std": 0.07673973350642094,
  "bin_phi_mae_min": 0.005357247777283192,
  "bin_phi_mae_max": 0.28036555647850037,
  "bin_phi_mse_mean": 0.027064389322367786,
  "bin_phi_mse_std": 0.028833645639210235,
  "bin_phi_mse_min": 9.038247662829235e-05,
  "bin_phi_mse_max": 0.10006863623857498,
  "bin_phi_rmse_mean": 0.14136937719304116,
  "bin_phi_rmse_std": 0.08413732107614942,
  "bin_phi_rmse_min": 0.009506969712674618,
  "bin_phi_rmse_max": 0.3163362741470337,
  "latent_mae_mean": 0.6427728563547135,
  "latent_mae_std": 0.11155486643307279,
  "latent_mae_min": 0.42738521099090576,
  "latent_mae_max": 0.8609057664871216,
  "latent_mse_mean": 0.7390284538269043,
  "latent_mse_std": 0.21146261346114587,
  "latent_mse_min": 0.338424950838089,
  "latent_mse_max": 1.166148066520691,
  "latent_rmse_mean": 0.8505186572670936,
  "latent_rmse_std": 0.12508585209868442,
  "latent_rmse_min": 0.5817430019378662,
  "latent_rmse_max": 1.079883337020874,
  "phi_layer0_bias_mean": 0.10718030023854226,
  "phi_layer0_bias_std": 0.07933612753931242,
  "phi_layer0_bias_min": 0.0014105902519077063,
  "phi_layer0_bias_max": 0.27555763721466064,
  "phi_layer0_mae_mean": 0.10718030023854226,
  "phi_layer0_mae_std": 0.07933612753931242,
  "phi_layer0_mae_min": 0.0014105902519077063,
  "phi_layer0_mae_max": 0.27555763721466064,
  "phi_layer_last_bias_mean": 0.10763421565643512,
  "phi_layer_last_bias_std": 0.0872491527476114,
  "phi_layer_last_bias_min": 0.0036443073768168688,
  "phi_layer_last_bias_max": 0.2880232036113739,
  "phi_layer_last_mae_mean": 0.10763421565643512,
  "phi_layer_last_mae_std": 0.0872491527476114,
  "phi_layer_last_mae_min": 0.0036443073768168688,
  "phi_layer_last_mae_max": 0.2880232036113739,
  "porosity_abs_err_mean": 0.10453597174750436,
  "porosity_abs_err_std": 0.07675696939572516,
  "porosity_abs_err_min": 0.0053572478117766,
  "porosity_abs_err_max": 0.28036555537471064,
  "porosity_gt_mean": 0.8944314214918349,
  "porosity_gt_std": 0.0781385222443313,
  "porosity_gt_min": 0.7113504763002749,
  "porosity_gt_max": 0.9946427521882234,
  "porosity_pred_mean": 0.9989673932393395,
  "porosity_pred_std": 0.0023507982243848153,
  "porosity_pred_min": 0.9893844039351852,
  "porosity_pred_max": 1.0,
  "pred_bin_porosity_mean": 0.9989673932393395,
  "pred_bin_porosity_std": 0.0023507982243848153,
  "pred_bin_porosity_min": 0.9893844039351852,
  "pred_bin_porosity_max": 1.0,
  "pred_latent_mean_mean": 0.0627731604501605,
  "pred_latent_mean_std": 0.008008201953890596,
  "pred_latent_mean_min": 0.04730910435318947,
  "pred_latent_mean_max": 0.08081679791212082,
  "pred_latent_std_mean": 0.2788027260452509,
  "pred_latent_std_std": 0.02468159837986859,
  "pred_latent_std_min": 0.24335408210754395,
  "pred_latent_std_max": 0.3350748121738434,
  "pred_prob_mean_mean": 0.998952841758728,
  "pred_prob_mean_std": 0.0023555857160019126,
  "pred_prob_mean_min": 0.9893967509269714,
  "pred_prob_mean_max": 0.9999993443489075,
  "pred_prob_std_mean": 0.01742455149860689,
  "pred_prob_std_std": 0.025836233667594275,
  "pred_prob_std_min": 5.999638597131707e-05,
  "pred_prob_std_max": 0.09994270652532578,
  "prob_phi_corr_mean": 0.191223955052578,
  "prob_phi_corr_std": 0.2909178621816272,
  "prob_phi_corr_min": -0.39077713514406576,
  "prob_phi_corr_max": 0.8695575000077465,
  "prob_phi_mae_mean": 0.10453674694290385,
  "prob_phi_mae_std": 0.07672614672597501,
  "prob_phi_mae_min": 0.005355289671570063,
  "prob_phi_mae_max": 0.2803099453449249,
  "prob_phi_mse_mean": 0.027056297394301508,
  "prob_phi_mse_std": 0.028826041245080345,
  "prob_phi_mse_min": 9.035537368617952e-05,
  "prob_phi_mse_max": 0.10005763173103333,
  "prob_phi_rmse_mean": 0.1413489253958687,
  "prob_phi_rmse_std": 0.08412359444494005,
  "prob_phi_rmse_min": 0.009505544789135456,
  "prob_phi_rmse_max": 0.3163188695907593,
  "sample_index_mean": 19.5,
  "sample_index_std": 11.543396380615196,
  "sample_index_min": 0.0,
  "sample_index_max": 39.0,
  "seed_mean": 460510.275,
  "seed_std": 258900.67040198907,
  "seed_min": 29563.0,
  "seed_max": 942913.0,
  "time_sec_mean": 67.89609402418137,
  "time_sec_std": 0.9404288675541412,
  "time_sec_min": 67.50341987609863,
  "time_sec_max": 73.65689182281494,
  "voxel_dice_mean": 0.9424432727270691,
  "voxel_dice_std": 0.045142870908590774,
  "voxel_dice_min": 0.829731160664317,
  "voxel_dice_max": 0.9973141817972663,
  "voxel_iou_mean": 0.8944853112848014,
  "voxel_iou_std": 0.07815152634809784,
  "voxel_iou_min": 0.7090090180776953,
  "voxel_iou_max": 0.994642752188222,
  "voxel_precision_mean": 0.894821273332808,
  "voxel_precision_std": 0.07770245185240002,
  "voxel_precision_min": 0.712445551557821,
  "voxel_precision_max": 0.994642752188222,
  "voxel_recall_mean": 0.9994507560123989,
  "voxel_recall_std": 0.0012374008709662603,
  "voxel_recall_min": 0.9932427104711353,
  "voxel_recall_max": 0.9999999999999986,
  "z_head_porosity_gap_mean": 0.136648686726888,
  "z_head_porosity_gap_std": 0.09600492599746059,
  "z_head_porosity_gap_min": 1.6954210069197728e-06,
  "z_head_porosity_gap_max": 0.31784396701388884,
  "z_head_porosity_gt_mean": 0.8632843441433377,
  "z_head_porosity_gt_std": 0.09608000852908029,
  "z_head_porosity_gt_min": 0.6821560329861112,
  "z_head_porosity_gt_max": 0.9999983045789931,
  "z_head_porosity_pred_mean": 0.9999330308702256,
  "z_head_porosity_pred_std": 0.00021207304310037677,
  "z_head_porosity_pred_min": 0.9990692138671875,
  "z_head_porosity_pred_max": 1.0,
  "z_tail_porosity_gap_mean": 0.1102039761013455,
  "z_tail_porosity_gap_std": 0.09520037088527966,
  "z_tail_porosity_gap_min": 7.459852430558023e-05,
  "z_tail_porosity_gap_max": 0.3415052625868056,
  "z_tail_porosity_gt_mean": 0.8894248538547093,
  "z_tail_porosity_gt_std": 0.09577887480989009,
  "z_tail_porosity_gt_min": 0.6576165093315972,
  "z_tail_porosity_gt_max": 0.9999254014756944,
  "z_tail_porosity_pred_mean": 0.9996288299560547,
  "z_tail_porosity_pred_std": 0.001317344925592566,
  "z_tail_porosity_pred_min": 0.9918467203776041,
  "z_tail_porosity_pred_max": 1.0,
  "ckpt": "E:\\chendou\\paper_code\\stage07_latent_ldm_code\\exp_results\\stage07_patch_ldm_v0\\models\\unet_epoch_22.pth",
  "phi_dir": "D:\\多尺度岩心数据集\\LDM_Data\\Phi_Maps_NPY\\w192_s64",
  "num_selected": 40,
  "sample_mode": "random",
  "sample_seed": 2026,
  "seed_mode": "name_hash",
  "threshold": 0.5,
  "ddim_steps": 200
}