{
  "pred_latent_path": "E:\\chendou\\paper_code\\stage07_latent_ldm_code\\generated_latent.npy",
  "gt_latent_path": "D:\\多尺度岩心数据集\\LDM_Data\\Latent_NPY\\w192_s64\\6-6-24_Global_Consistency_z896_y256_x320.npy",
  "gt_voxel_path": "D:\\多尺度岩心数据集\\LDM_Data\\Raw_NPY\\w192_s64\\6-6-24_Global_Consistency_z896_y256_x320.npy",
  "gt_phi_path": "D:\\多尺度岩心数据集\\LDM_Data\\Phi_Maps_NPY\\w192_s64\\6-6-24_Global_Consistency_z896_y256_x320.npy",
  "pred_shape": [
    4,
    24,
    24,
    24
  ],
  "pred_min": -5.671767234802246,
  "pred_max": 5.669678211212158,
  "pred_mean": -0.07946448028087616,
  "pred_std": 0.8002707362174988,
  "latent_mae": 0.9665747880935669,
  "latent_mse": 1.57794189453125,
  "latent_rmse": 1.2561615705490112,
  "latent_eval_shape": [
    4,
    24,
    24,
    24
  ],
  "voxel_dice": 0.7938673873147143,
  "voxel_iou": 0.6581924565884008,
  "voxel_precision": 0.708055991423878,
  "voxel_recall": 0.903346632529096,
  "porosity_pred": 0.8844690676088687,
  "porosity_gt": 0.6932594864456741,
  "porosity_abs_err": 0.19120958116319453,
  "bin_phi_mae": 0.20520104467868805,
  "bin_phi_mse": 0.053026389330625534,
  "bin_phi_rmse": 0.23027460277080536,
  "bin_phi_corr": 0.48883818738465334,
  "prob_phi_mae": 0.2031070590019226,
  "prob_phi_mse": 0.05213012546300888,
  "prob_phi_rmse": 0.22832022607326508,
  "prob_phi_corr": 0.4890358612424701
}