{
  "num_samples": 40,
  "bin_phi_corr_mean": 0.46219888909413787,
  "bin_phi_corr_std": 0.28196187631494307,
  "bin_phi_corr_min": -0.24401644511632653,
  "bin_phi_corr_max": 0.923838586469421,
  "bin_phi_mae_mean": 0.09940243856981397,
  "bin_phi_mae_std": 0.024729945599154264,
  "bin_phi_mae_min": 0.04619994014501572,
  "bin_phi_mae_max": 0.15887776017189026,
  "bin_phi_mse_mean": 0.02594300820492208,
  "bin_phi_mse_std": 0.013418467871017494,
  "bin_phi_mse_min": 0.006423898972570896,
  "bin_phi_mse_max": 0.06463003903627396,
  "bin_phi_rmse_mean": 0.15586029831320047,
  "bin_phi_rmse_std": 0.04062727821191672,
  "bin_phi_rmse_min": 0.08014922589063644,
  "bin_phi_rmse_max": 0.25422438979148865,
  "latent_mae_mean": 0.7406617239117622,
  "latent_mae_std": 0.17562119151313424,
  "latent_mae_min": 0.45075252652168274,
  "latent_mae_max": 1.1356257200241089,
  "latent_mse_mean": 1.1064182572066783,
  "latent_mse_std": 0.4036958562560551,
  "latent_mse_min": 0.49674567580223083,
  "latent_mse_max": 2.142219305038452,
  "latent_rmse_mean": 1.0344877302646638,
  "latent_rmse_std": 0.19040325248815912,
  "latent_rmse_min": 0.7048018574714661,
  "latent_rmse_max": 1.4636322259902954,
  "phi_layer0_bias_mean": -0.09448573878034949,
  "phi_layer0_bias_std": 0.09867834370668646,
  "phi_layer0_bias_min": -0.30933889746665955,
  "phi_layer0_bias_max": 0.07950464636087418,
  "phi_layer0_mae_mean": 0.14744638958945872,
  "phi_layer0_mae_std": 0.06322819822427928,
  "phi_layer0_mae_min": 0.024314455687999725,
  "phi_layer0_mae_max": 0.32836830615997314,
  "phi_layer_last_bias_mean": -0.03440115153098304,
  "phi_layer_last_bias_std": 0.04989866595350194,
  "phi_layer_last_bias_min": -0.14973746240139008,
  "phi_layer_last_bias_max": 0.06961822509765625,
  "phi_layer_last_mae_mean": 0.08327676989138126,
  "phi_layer_last_mae_std": 0.03037137766140076,
  "phi_layer_last_mae_min": 0.032035402953624725,
  "phi_layer_last_mae_max": 0.14973746240139008,
  "porosity_abs_err_mean": 0.05346208854957864,
  "porosity_abs_err_std": 0.03969310102215978,
  "porosity_abs_err_min": 0.0009713349518952752,
  "porosity_abs_err_max": 0.14277917367440685,
  "porosity_gt_mean": 0.8944314214918349,
  "porosity_gt_std": 0.0781385222443313,
  "porosity_gt_min": 0.7113504763002749,
  "porosity_gt_max": 0.9946427521882234,
  "porosity_pred_mean": 0.8485323588053386,
  "porosity_pred_std": 0.05240140357302955,
  "porosity_pred_min": 0.7074439437301071,
  "porosity_pred_max": 0.9503856235080295,
  "pred_bin_porosity_mean": 0.8485323588053386,
  "pred_bin_porosity_std": 0.05240140357302955,
  "pred_bin_porosity_min": 0.7074439437301071,
  "pred_bin_porosity_max": 0.9503856235080295,
  "pred_latent_mean_mean": -0.10059494385495782,
  "pred_latent_mean_std": 0.02364022811434242,
  "pred_latent_mean_min": -0.16046421229839325,
  "pred_latent_mean_max": -0.047204747796058655,
  "pred_latent_std_mean": 0.702440558373928,
  "pred_latent_std_std": 0.15271772970311928,
  "pred_latent_std_min": 0.4612264633178711,
  "pred_latent_std_max": 1.0689573287963867,
  "pred_prob_mean_mean": 0.8481035605072975,
  "pred_prob_mean_std": 0.05377311151743223,
  "pred_prob_mean_min": 0.6981720924377441,
  "pred_prob_mean_max": 0.9495735764503479,
  "pred_prob_std_mean": 0.3297280173748732,
  "pred_prob_std_std": 0.03980388395086214,
  "pred_prob_std_min": 0.2099629044532776,
  "pred_prob_std_max": 0.40367385745048523,
  "prob_phi_corr_mean": 0.46065834135171524,
  "prob_phi_corr_std": 0.2822219565533622,
  "prob_phi_corr_min": -0.24457274334596646,
  "prob_phi_corr_max": 0.9240019143195496,
  "prob_phi_mae_mean": 0.09804687183350325,
  "prob_phi_mae_std": 0.024175325900134322,
  "prob_phi_mae_min": 0.04596465080976486,
  "prob_phi_mae_max": 0.15654928982257843,
  "prob_phi_mse_mean": 0.0251460058381781,
  "prob_phi_mse_std": 0.012964555490874476,
  "prob_phi_mse_min": 0.006218696478754282,
  "prob_phi_mse_max": 0.0633954405784607,
  "prob_phi_rmse_mean": 0.1534684646874666,
  "prob_phi_rmse_std": 0.039917867803652154,
  "prob_phi_rmse_min": 0.07885871082544327,
  "prob_phi_rmse_max": 0.2517845034599304,
  "sample_index_mean": 19.5,
  "sample_index_std": 11.543396380615196,
  "sample_index_min": 0.0,
  "sample_index_max": 39.0,
  "seed_mean": 460510.275,
  "seed_std": 258900.67040198907,
  "seed_min": 29563.0,
  "seed_max": 942913.0,
  "time_sec_mean": 68.0110314488411,
  "time_sec_std": 1.2597157431676045,
  "time_sec_min": 67.35902523994446,
  "time_sec_max": 73.80366325378418,
  "voxel_dice_mean": 0.8836978486295222,
  "voxel_dice_std": 0.05515603027310898,
  "voxel_dice_min": 0.72204948223812,
  "voxel_dice_max": 0.958389333970181,
  "voxel_iou_mean": 0.795807101242277,
  "voxel_iou_std": 0.08470205758556527,
  "voxel_iou_min": 0.565005821588985,
  "voxel_iou_max": 0.9201032259233262,
  "voxel_precision_mean": 0.9079992865950466,
  "voxel_precision_std": 0.07045628420111841,
  "voxel_precision_min": 0.7240430746949034,
  "voxel_precision_max": 0.9945484257671047,
  "voxel_recall_mean": 0.8618924213610161,
  "voxel_recall_std": 0.04909454944475226,
  "voxel_recall_min": 0.7200668380186998,
  "voxel_recall_max": 0.950447413899851,
  "z_head_porosity_gap_mean": -0.057919353908962676,
  "z_head_porosity_gap_std": 0.12327938269841265,
  "z_head_porosity_gap_min": -0.29204983181423605,
  "z_head_porosity_gap_max": 0.11571248372395826,
  "z_head_porosity_gt_mean": 0.8632843441433377,
  "z_head_porosity_gt_std": 0.09608000852908029,
  "z_head_porosity_gt_min": 0.6821560329861112,
  "z_head_porosity_gt_max": 0.9999983045789931,
  "z_head_porosity_pred_mean": 0.805364990234375,
  "z_head_porosity_pred_std": 0.09104971689651159,
  "z_head_porosity_pred_min": 0.5953386094835069,
  "z_head_porosity_pred_max": 0.9903411865234375,
  "z_tail_porosity_gap_mean": -0.054539532131618926,
  "z_tail_porosity_gap_std": 0.06857595958528762,
  "z_tail_porosity_gap_min": -0.20679050021701384,
  "z_tail_porosity_gap_max": 0.07409328884548616,
  "z_tail_porosity_gt_mean": 0.8894248538547093,
  "z_tail_porosity_gt_std": 0.09577887480989009,
  "z_tail_porosity_gt_min": 0.6576165093315972,
  "z_tail_porosity_gt_max": 0.9999254014756944,
  "z_tail_porosity_pred_mean": 0.8348853217230904,
  "z_tail_porosity_pred_std": 0.0824686863852519,
  "z_tail_porosity_pred_min": 0.5525987413194444,
  "z_tail_porosity_pred_max": 0.9408823649088541,
  "ckpt": "E:\\chendou\\paper_code\\stage07_latent_ldm_code\\exp_results\\stage07_patch_ldm_v0\\models\\unet_epoch_22.pth",
  "phi_dir": "D:\\多尺度岩心数据集\\LDM_Data\\Phi_Maps_NPY\\w192_s64",
  "num_selected": 40,
  "sample_mode": "random",
  "sample_seed": 2026,
  "seed_mode": "name_hash",
  "threshold": 0.5,
  "ddim_steps": 200
}