group,mean,std,count
6-6-20,3.8610484901769615,4.041493433069666,1620
6-6-21,9.060672848205657,6.057262263357887,2387
6-6-22,12.941616028547283,7.534197841690797,1728
