{
  "num_samples": 20,
  "bin_phi_corr_mean": 0.3512612627518402,
  "bin_phi_corr_std": 0.2829741186700699,
  "bin_phi_corr_min": -0.11606048308039724,
  "bin_phi_corr_max": 0.9100572541472046,
  "bin_phi_mae_mean": 0.10068983836099506,
  "bin_phi_mae_std": 0.05611855612844196,
  "bin_phi_mae_min": 0.0191667340695858,
  "bin_phi_mae_max": 0.1978735774755478,
  "bin_phi_mse_mean": 0.022278623952297495,
  "bin_phi_mse_std": 0.019565453948764275,
  "bin_phi_mse_min": 0.0011483938433229923,
  "bin_phi_mse_max": 0.06786133348941803,
  "bin_phi_rmse_mean": 0.1328128930181265,
  "bin_phi_rmse_std": 0.06811284131488379,
  "bin_phi_rmse_min": 0.03388796001672745,
  "bin_phi_rmse_max": 0.26050207018852234,
  "latent_mae_mean": 0.6855275213718415,
  "latent_mae_std": 0.1533875980232841,
  "latent_mae_min": 0.37081947922706604,
  "latent_mae_max": 0.9792807698249817,
  "latent_mse_mean": 0.9410186052322388,
  "latent_mse_std": 0.3038309761618432,
  "latent_mse_min": 0.37811484932899475,
  "latent_mse_max": 1.5970454216003418,
  "latent_rmse_mean": 0.9570692956447602,
  "latent_rmse_std": 0.15823066806916997,
  "latent_rmse_min": 0.6149104237556458,
  "latent_rmse_max": 1.2637425661087036,
  "phi_layer0_bias_mean": 0.07747175366966985,
  "phi_layer0_bias_std": 0.08645699854029584,
  "phi_layer0_bias_min": -0.06303194165229797,
  "phi_layer0_bias_max": 0.22282961010932922,
  "phi_layer0_mae_mean": 0.1088179275393486,
  "phi_layer0_mae_std": 0.06596211703899071,
  "phi_layer0_mae_min": 0.017710791900753975,
  "phi_layer0_mae_max": 0.22743479907512665,
  "phi_layer_last_bias_mean": 0.09552254220470786,
  "phi_layer_last_bias_std": 0.06822250622202033,
  "phi_layer_last_bias_min": 0.01833597756922245,
  "phi_layer_last_bias_max": 0.22766198217868805,
  "phi_layer_last_mae_mean": 0.10394064569845796,
  "phi_layer_last_mae_std": 0.06797311806777522,
  "phi_layer_last_mae_min": 0.025276608765125275,
  "phi_layer_last_mae_max": 0.22766198217868805,
  "porosity_abs_err_mean": 0.08267477530020254,
  "porosity_abs_err_std": 0.06018889426117922,
  "porosity_abs_err_min": 0.0015936957465277901,
  "porosity_abs_err_max": 0.17389749597620086,
  "porosity_gt_mean": 0.8717096258092809,
  "porosity_gt_std": 0.08288952288989974,
  "porosity_gt_min": 0.7113504763002749,
  "porosity_gt_max": 0.9893841213650174,
  "porosity_pred_mean": 0.9542250315348308,
  "porosity_pred_std": 0.028814498508786906,
  "porosity_pred_min": 0.8806025187174479,
  "porosity_pred_max": 0.9877904256184896,
  "pred_bin_porosity_mean": 0.9542250315348308,
  "pred_bin_porosity_std": 0.028814498508786906,
  "pred_bin_porosity_min": 0.8806025187174479,
  "pred_bin_porosity_max": 0.9877904256184896,
  "pred_latent_mean_mean": -0.04752634684555233,
  "pred_latent_mean_std": 0.01777887853595591,
  "pred_latent_mean_min": -0.08042916655540466,
  "pred_latent_mean_max": -0.01173673290759325,
  "pred_latent_std_mean": 0.5517275661230088,
  "pred_latent_std_std": 0.09882568835829283,
  "pred_latent_std_min": 0.40673550963401794,
  "pred_latent_std_max": 0.772880494594574,
  "pred_prob_mean_mean": 0.9536059498786926,
  "pred_prob_mean_std": 0.02925188320136029,
  "pred_prob_mean_min": 0.8787075877189636,
  "pred_prob_mean_max": 0.9875827431678772,
  "pred_prob_std_mean": 0.19309522658586503,
  "pred_prob_std_std": 0.055206105906190545,
  "pred_prob_std_min": 0.10648543387651443,
  "pred_prob_std_max": 0.3123750686645508,
  "prob_phi_corr_mean": 0.35109782959585734,
  "prob_phi_corr_std": 0.2834515371851577,
  "prob_phi_corr_min": -0.11474577598630792,
  "prob_phi_corr_max": 0.9106301531644863,
  "prob_phi_mae_mean": 0.1000592453405261,
  "prob_phi_mae_std": 0.05552695257667833,
  "prob_phi_mae_min": 0.019316701218485832,
  "prob_phi_mae_max": 0.19599835574626923,
  "prob_phi_mse_mean": 0.022058232268318535,
  "prob_phi_mse_std": 0.019373457583081326,
  "prob_phi_mse_min": 0.0011608705390244722,
  "prob_phi_mse_max": 0.06788813322782516,
  "prob_phi_rmse_mean": 0.13222993090748786,
  "prob_phi_rmse_std": 0.06762749002827637,
  "prob_phi_rmse_min": 0.03407154977321625,
  "prob_phi_rmse_max": 0.2605535089969635,
  "sample_index_mean": 9.5,
  "sample_index_std": 5.766281297335398,
  "sample_index_min": 0.0,
  "sample_index_max": 19.0,
  "seed_mean": 461509.15,
  "seed_std": 279878.74845087377,
  "seed_min": 29563.0,
  "seed_max": 942913.0,
  "time_sec_mean": 86.78487142324448,
  "time_sec_std": 7.604849990334447,
  "time_sec_min": 70.60381174087524,
  "time_sec_max": 113.26951003074646,
  "voxel_dice_mean": 0.9158995406290934,
  "voxel_dice_std": 0.05279758204075389,
  "voxel_dice_min": 0.799462887829909,
  "voxel_dice_max": 0.9885762836371009,
  "voxel_iou_mean": 0.8491207976918668,
  "voxel_iou_std": 0.08783049101209804,
  "voxel_iou_min": 0.6659210112920206,
  "voxel_iou_max": 0.9774106219221771,
  "voxel_precision_mean": 0.8772672128210586,
  "voxel_precision_std": 0.07880662993622191,
  "voxel_precision_min": 0.7226343961291258,
  "voxel_precision_max": 0.989373765459909,
  "voxel_recall_mean": 0.9606913507039483,
  "voxel_recall_std": 0.025348709554604096,
  "voxel_recall_min": 0.8945712283104633,
  "voxel_recall_max": 0.9877800863946292,
  "z_head_porosity_gap_mean": 0.034318627251519095,
  "z_head_porosity_gap_std": 0.09128040233032561,
  "z_head_porosity_gap_min": -0.11667209201388884,
  "z_head_porosity_gap_max": 0.2180718315972222,
  "z_head_porosity_gt_mean": 0.8478512234157985,
  "z_head_porosity_gt_std": 0.09280133921212198,
  "z_head_porosity_gt_min": 0.6930508083767362,
  "z_head_porosity_gt_max": 0.9999983045789931,
  "z_head_porosity_pred_mean": 0.8821698506673176,
  "z_head_porosity_pred_std": 0.03052711145516467,
  "z_head_porosity_pred_min": 0.8384314643012153,
  "z_head_porosity_pred_max": 0.9345889621310763,
  "z_tail_porosity_gap_mean": 0.112375979953342,
  "z_tail_porosity_gap_std": 0.08022685899790762,
  "z_tail_porosity_gap_min": -0.00731743706597221,
  "z_tail_porosity_gap_max": 0.29677157931857645,
  "z_tail_porosity_gt_mean": 0.8654616461859808,
  "z_tail_porosity_gt_std": 0.09300741499963901,
  "z_tail_porosity_gt_min": 0.6931644015842013,
  "z_tail_porosity_gt_max": 0.9691382514105903,
  "z_tail_porosity_pred_mean": 0.977837626139323,
  "z_tail_porosity_pred_std": 0.030531950784599096,
  "z_tail_porosity_pred_min": 0.8713294135199653,
  "z_tail_porosity_pred_max": 1.0,
  "ckpt": "E:\\chendou\\paper_code\\stage07_latent_ldm_code\\exp_results\\stage07_patch_ldm_v1\\models\\unet_epoch_44.pth",
  "phi_dir": "D:\\多尺度岩心数据集\\LDM_Data\\Phi_Maps_NPY\\w192_s64",
  "num_selected": 20,
  "sample_mode": "random",
  "sample_seed": 2026,
  "seed_mode": "name_hash",
  "threshold": 0.5,
  "ddim_steps": 200
}