{
  "pred_latent_path": "E:\\chendou\\paper_code\\stage07_latent_ldm_code\\generated_latent.npy",
  "gt_latent_path": "D:\\多尺度岩心数据集\\LDM_Data\\Latent_NPY\\w192_s64\\6-6-24_Global_Consistency_z768_y512_x448.npy",
  "gt_voxel_path": "D:\\多尺度岩心数据集\\LDM_Data\\Raw_NPY\\w192_s64\\6-6-24_Global_Consistency_z768_y512_x448.npy",
  "gt_phi_path": "D:\\多尺度岩心数据集\\LDM_Data\\Phi_Maps_NPY\\w192_s64\\6-6-24_Global_Consistency_z768_y512_x448.npy",
  "pred_shape": [
    4,
    24,
    24,
    24
  ],
  "pred_min": -5.671154499053955,
  "pred_max": 4.999678611755371,
  "pred_mean": -0.13050054013729095,
  "pred_std": 0.9066058993339539,
  "latent_mae": 0.935329020023346,
  "latent_mse": 1.5625451803207397,
  "latent_rmse": 1.2500181198120117,
  "latent_eval_shape": [
    4,
    24,
    24,
    24
  ],
  "voxel_dice": 0.7877775762526239,
  "voxel_iou": 0.6498622371770237,
  "voxel_precision": 0.7918304868164387,
  "voxel_recall": 0.7837659433033233,
  "porosity_pred": 0.7525150157787182,
  "porosity_gt": 0.7602580035174334,
  "porosity_abs_err": 0.00774298773871529,
  "bin_phi_mae": 0.14229555428028107,
  "bin_phi_mse": 0.04475462809205055,
  "bin_phi_rmse": 0.21155290305614471,
  "bin_phi_corr": 0.5012713709816775,
  "prob_phi_mae": 0.13888786733150482,
  "prob_phi_mse": 0.04247525334358215,
  "prob_phi_rmse": 0.20609524846076965,
  "prob_phi_corr": 0.513286149883484
}