{
  "num_samples": 300,
  "gt_bin_rock_fraction_mean": 0.8981827752384136,
  "gt_bin_rock_fraction_std": 0.0835861482057388,
  "gt_bin_rock_fraction_min": 0.5961517051414207,
  "gt_bin_rock_fraction_max": 0.9959226537633825,
  "phi16_pore_bias_mean": 0.0259914336969823,
  "phi16_pore_bias_std": 0.012542966519575248,
  "phi16_pore_bias_min": 0.0022250987865306713,
  "phi16_pore_bias_max": 0.06422636244032118,
  "phi16_pore_corr_mean": 0.9869836434458062,
  "phi16_pore_corr_std": 0.007031761880881131,
  "phi16_pore_corr_min": 0.9663625829215395,
  "phi16_pore_corr_max": 0.9967704503949905,
  "phi16_pore_mae_mean": 0.026088051972565827,
  "phi16_pore_mae_std": 0.01254319872529583,
  "phi16_pore_mae_min": 0.002232445610894097,
  "phi16_pore_mae_max": 0.06437753748010706,
  "phi16_pore_rmse_mean": 0.04556969714079692,
  "phi16_pore_rmse_std": 0.014234233927742061,
  "phi16_pore_rmse_min": 0.01217145185179859,
  "phi16_pore_rmse_max": 0.0837516877753308,
  "phi32_pore_bias_mean": 0.0259914336969823,
  "phi32_pore_bias_std": 0.012542966519575248,
  "phi32_pore_bias_min": 0.0022250987865306713,
  "phi32_pore_bias_max": 0.06422636244032118,
  "phi32_pore_corr_mean": 0.9909411041122101,
  "phi32_pore_corr_std": 0.0063845645001214925,
  "phi32_pore_corr_min": 0.9666303502225062,
  "phi32_pore_corr_max": 0.9985425845013752,
  "phi32_pore_mae_mean": 0.026006975998113184,
  "phi32_pore_mae_std": 0.01253585220218262,
  "phi32_pore_mae_min": 0.002231315330222801,
  "phi32_pore_mae_max": 0.06423201384367766,
  "phi32_pore_rmse_mean": 0.037926415571596706,
  "phi32_pore_rmse_std": 0.013525575305771951,
  "phi32_pore_rmse_min": 0.007580996687885708,
  "phi32_pore_rmse_max": 0.07474434915424392,
  "phi64_pore_bias_mean": 0.0259914336969823,
  "phi64_pore_bias_std": 0.012542966519575248,
  "phi64_pore_bias_min": 0.0022250987865306713,
  "phi64_pore_bias_max": 0.06422636244032118,
  "phi64_pore_corr_mean": 0.9933791066564966,
  "phi64_pore_corr_std": 0.00707637984798495,
  "phi64_pore_corr_min": 0.9538495734299762,
  "phi64_pore_corr_max": 0.9995424973036066,
  "phi64_pore_mae_mean": 0.02599206571225767,
  "phi64_pore_mae_std": 0.012542294099934927,
  "phi64_pore_mae_min": 0.002228207058376736,
  "phi64_pore_mae_max": 0.06422636244032118,
  "phi64_pore_rmse_mean": 0.032435411031923635,
  "phi64_pore_rmse_std": 0.013276482239971518,
  "phi64_pore_rmse_min": 0.0045753516274693595,
  "phi64_pore_rmse_max": 0.0695645488786037,
  "phi8_pore_bias_mean": 0.0259914336969823,
  "phi8_pore_bias_std": 0.012542966519575248,
  "phi8_pore_bias_min": 0.0022250987865306713,
  "phi8_pore_bias_max": 0.06422636244032118,
  "phi8_pore_corr_mean": 0.9800189899458,
  "phi8_pore_corr_std": 0.008746901163078576,
  "phi8_pore_corr_min": 0.952669398730633,
  "phi8_pore_corr_max": 0.994619400024217,
  "phi8_pore_mae_mean": 0.026245348424087336,
  "phi8_pore_mae_std": 0.012613966963812572,
  "phi8_pore_mae_min": 0.0022372493037471066,
  "phi8_pore_mae_max": 0.0648146735297309,
  "phi8_pore_rmse_mean": 0.0573279164564212,
  "phi8_pore_rmse_std": 0.0160765791987164,
  "phi8_pore_rmse_min": 0.017142377571316293,
  "phi8_pore_rmse_max": 0.09879590948649096,
  "pore_porosity_abs_err_mean": 0.0259914336969823,
  "pore_porosity_abs_err_std": 0.012542966519575248,
  "pore_porosity_abs_err_min": 0.002225098786530672,
  "pore_porosity_abs_err_max": 0.0642263624403212,
  "pore_porosity_gt_mean": 0.10181722476158611,
  "pore_porosity_gt_std": 0.08358614820573881,
  "pore_porosity_gt_min": 0.004077346236617477,
  "pore_porosity_gt_max": 0.40384829485857926,
  "pore_porosity_pred_mean": 0.12780865845856842,
  "pore_porosity_pred_std": 0.09281681839632615,
  "pore_porosity_pred_min": 0.006308944137008102,
  "pore_porosity_pred_max": 0.44987049809208624,
  "pred_bin_rock_fraction_mean": 0.8721913415414315,
  "pred_bin_rock_fraction_std": 0.09281681839632615,
  "pred_bin_rock_fraction_min": 0.5501295019079138,
  "pred_bin_rock_fraction_max": 0.9936910558629919,
  "pred_prob_mean_mean": 0.8691719808181126,
  "pred_prob_mean_std": 0.09277295530991278,
  "pred_prob_mean_min": 0.5493555665016174,
  "pred_prob_mean_max": 0.9936749935150146,
  "pred_prob_std_mean": 0.2956955789774656,
  "pred_prob_std_std": 0.09025905678652278,
  "pred_prob_std_min": 0.07861076295375824,
  "pred_prob_std_max": 0.478682279586792,
  "sample_index_mean": 149.5,
  "sample_index_std": 86.60205925188308,
  "sample_index_min": 0.0,
  "sample_index_max": 299.0,
  "time_sec_mean": 14.6695791554451,
  "time_sec_std": 0.40593105522535483,
  "time_sec_min": 14.038862943649292,
  "time_sec_max": 20.44199800491333,
  "tp2_bias_mean_mean": 0.01571069842526174,
  "tp2_bias_mean_std": 0.01053078004188382,
  "tp2_bias_mean_min": 0.0006032293388147302,
  "tp2_bias_mean_max": 0.0567274402939912,
  "tp2_corr_mean": 0.9990971218051995,
  "tp2_corr_std": 0.0012142262673577632,
  "tp2_corr_min": 0.9908912357381606,
  "tp2_corr_max": 0.9999919674896942,
  "tp2_mae_mean": 0.01571069842526174,
  "tp2_mae_std": 0.01053078004188382,
  "tp2_mae_min": 0.0006032293388147302,
  "tp2_mae_max": 0.0567274402939912,
  "tp2_mse_mean": 0.0003795669096977466,
  "tp2_mse_std": 0.00045259181578665613,
  "tp2_mse_min": 7.277324611838955e-07,
  "tp2_mse_max": 0.0032478527022616836,
  "tp2_rmse_mean": 0.016457337396571556,
  "tp2_rmse_std": 0.010427030042785623,
  "tp2_rmse_min": 0.0008530723657368673,
  "tp2_rmse_max": 0.056989935096135036,
  "tp2_x_corr_mean": 0.9990971177269146,
  "tp2_x_corr_std": 0.0011932286864068803,
  "tp2_x_corr_min": 0.9896975131139613,
  "tp2_x_corr_max": 0.9999895784531243,
  "tp2_x_mae_mean": 0.015999460168067612,
  "tp2_x_mae_std": 0.010675294472831815,
  "tp2_x_mae_min": 0.0005456321434228977,
  "tp2_x_mae_max": 0.05901253020221537,
  "tp2_x_rmse_mean": 0.016708010164068268,
  "tp2_x_rmse_std": 0.010563742538582985,
  "tp2_x_rmse_min": 0.0008185359236536638,
  "tp2_x_rmse_max": 0.05916104513201505,
  "tp2_y_corr_mean": 0.9989424057691152,
  "tp2_y_corr_std": 0.0014756299713979885,
  "tp2_y_corr_min": 0.9857530044261359,
  "tp2_y_corr_max": 0.9999845898590076,
  "tp2_y_mae_mean": 0.01602341609454334,
  "tp2_y_mae_std": 0.010650450125366678,
  "tp2_y_mae_min": 0.0006514751673393855,
  "tp2_y_mae_max": 0.05788541291699265,
  "tp2_y_rmse_mean": 0.01676283942257917,
  "tp2_y_rmse_std": 0.01054505399802213,
  "tp2_y_rmse_min": 0.0008790883944325052,
  "tp2_y_rmse_max": 0.05808613476529129,
  "tp2_z_corr_mean": 0.9990351733363582,
  "tp2_z_corr_std": 0.0012778208885843043,
  "tp2_z_corr_min": 0.988444492180135,
  "tp2_z_corr_max": 0.9999706224501084,
  "tp2_z_mae_mean": 0.015109219042645632,
  "tp2_z_mae_std": 0.010327000110959814,
  "tp2_z_mae_min": 0.0005616622215849488,
  "tp2_z_mae_max": 0.05328438160094348,
  "tp2_z_rmse_mean": 0.015938341221287313,
  "tp2_z_rmse_std": 0.010207701584911022,
  "tp2_z_rmse_min": 0.0008646753959829074,
  "tp2_z_rmse_max": 0.05379634297948354,
  "voxel_dice_mean": 0.9838066110724523,
  "voxel_dice_std": 0.009580383132722378,
  "voxel_dice_min": 0.9463828729856262,
  "voxel_dice_max": 0.9988583380763022,
  "voxel_iou_mean": 0.9683029191244407,
  "voxel_iou_std": 0.018415695984932,
  "voxel_iou_min": 0.8982227497263483,
  "voxel_iou_max": 0.9977192799638281,
  "voxel_precision_mean": 0.9992071764402285,
  "voxel_precision_std": 0.0010096350332192152,
  "voxel_precision_min": 0.9932889915998981,
  "voxel_precision_max": 0.9999805954098713,
  "voxel_recall_mean": 0.9690184771845971,
  "voxel_recall_std": 0.01766521004056888,
  "voxel_recall_min": 0.9037070837429316,
  "voxel_recall_max": 0.9977385968908362,
  "raw_dir": "D:\\\\多尺度岩心数据集\\\\LDM_Data\\\\Raw_NPY\\\\w192_s64",
  "latent_dir": "D:\\多尺度岩心数据集\\\\LDM_Data\\\\Latent_NPY\\\\w192_s64",
  "num_pairs_total": 7719,
  "num_selected": 300,
  "sample_mode": "random",
  "sample_seed": 2026,
  "basename_list": "",
  "pore_value": 0,
  "threshold": 0.5,
  "phi_block_sizes": [
    8,
    16,
    32,
    64
  ],
  "tp2_max_lag": 32,
  "physics_rel_k": false
}