{
  "pred_latent_path": "E:\\chendou\\paper_code\\stage07_latent_ldm_code\\generated_latent.npy",
  "gt_latent_path": "D:\\多尺度岩心数据集\\LDM_Data\\Latent_NPY\\w192_s64\\6-6-22_Global_Consistency_z3008_y128_x384.npy",
  "gt_voxel_path": "D:\\多尺度岩心数据集\\LDM_Data\\Raw_NPY\\w192_s64\\6-6-22_Global_Consistency_z3008_y128_x384.npy",
  "gt_phi_path": "D:\\多尺度岩心数据集\\LDM_Data\\Phi_Maps_NPY\\w192_s64\\6-6-22_Global_Consistency_z3008_y128_x384.npy",
  "pred_shape": [
    4,
    24,
    24,
    24
  ],
  "pred_min": -5.67075252532959,
  "pred_max": 5.671156883239746,
  "pred_mean": -0.1564357429742813,
  "pred_std": 1.5361689329147339,
  "latent_mae": 1.2730294466018677,
  "latent_mse": 2.804558277130127,
  "latent_rmse": 1.674681544303894,
  "latent_eval_shape": [
    4,
    24,
    24,
    24
  ],
  "voxel_dice": 0.5660530686957994,
  "voxel_iou": 0.3947517556880323,
  "voxel_precision": 0.5152903137026356,
  "voxel_recall": 0.6279103529421015,
  "porosity_pred": 0.6119209572120949,
  "porosity_gt": 0.5021687260380497,
  "porosity_abs_err": 0.1097522311740452,
  "bin_phi_mae": 0.2202606201171875,
  "bin_phi_mse": 0.06347335875034332,
  "bin_phi_rmse": 0.25193920731544495,
  "bin_phi_corr": 0.4773764328087086,
  "prob_phi_mae": 0.2150237113237381,
  "prob_phi_mse": 0.06048870459198952,
  "prob_phi_rmse": 0.24594451487064362,
  "prob_phi_corr": 0.5009122517191119
}