{
  "pred_latent_path": "E:\\chendou\\paper_code\\stage07_latent_ldm_code\\generated_latent.npy",
  "gt_latent_path": "D:\\多尺度岩心数据集\\LDM_Data\\Latent_NPY\\w192_s64\\6-6-21_Global_Consistency_z1024_y320_x448.npy",
  "gt_voxel_path": "D:\\多尺度岩心数据集\\LDM_Data\\Raw_NPY\\w192_s64\\6-6-21_Global_Consistency_z1024_y320_x448.npy",
  "gt_phi_path": "D:\\多尺度岩心数据集\\LDM_Data\\Phi_Maps_NPY\\w192_s64\\6-6-21_Global_Consistency_z1024_y320_x448.npy",
  "pred_shape": [
    4,
    24,
    24,
    24
  ],
  "pred_min": -5.6520304679870605,
  "pred_max": 5.6583452224731445,
  "pred_mean": 0.16825999319553375,
  "pred_std": 0.860450804233551,
  "latent_mae": 0.782063901424408,
  "latent_mse": 1.2485990524291992,
  "latent_rmse": 1.1174073219299316,
  "latent_eval_shape": [
    4,
    24,
    24,
    24
  ],
  "voxel_dice": 0.9248303740064024,
  "voxel_iou": 0.8601715967857052,
  "voxel_precision": 0.9118722882849367,
  "voxel_recall": 0.9381620481862221,
  "porosity_pred": 0.9361706486454716,
  "porosity_gt": 0.9099366929796007,
  "porosity_abs_err": 0.026233955665870945,
  "bin_phi_mae": 0.06522750854492188,
  "bin_phi_mse": 0.010926473885774612,
  "bin_phi_rmse": 0.10452977567911148,
  "bin_phi_corr": 0.4170644013147629,
  "prob_phi_mae": 0.06400802731513977,
  "prob_phi_mse": 0.010674669407308102,
  "prob_phi_rmse": 0.10331828892230988,
  "prob_phi_corr": 0.4157083970023218
}