{
  "pred_latent_path": "E:\\chendou\\paper_code\\stage07_latent_ldm_code\\generated_latent.npy",
  "gt_latent_path": "D:\\多尺度岩心数据集\\LDM_Data\\Latent_NPY\\w192_s64\\6-6-22_Global_Consistency_z1728_y512_x512.npy",
  "gt_voxel_path": "D:\\多尺度岩心数据集\\LDM_Data\\Raw_NPY\\w192_s64\\6-6-22_Global_Consistency_z1728_y512_x512.npy",
  "gt_phi_path": "D:\\多尺度岩心数据集\\LDM_Data\\Phi_Maps_NPY\\w192_s64\\6-6-22_Global_Consistency_z1728_y512_x512.npy",
  "pred_shape": [
    4,
    24,
    24,
    24
  ],
  "pred_min": -5.647079944610596,
  "pred_max": 5.670098781585693,
  "pred_mean": 0.011135383509099483,
  "pred_std": 1.3822619915008545,
  "latent_mae": 1.2267680168151855,
  "latent_mse": 2.3583450317382812,
  "latent_rmse": 1.535690426826477,
  "latent_eval_shape": [
    4,
    24,
    24,
    24
  ],
  "voxel_dice": 0.9230749743692103,
  "voxel_iou": 0.857139496622372,
  "voxel_precision": 0.8771701201319207,
  "voxel_recall": 0.9740498242601211,
  "porosity_pred": 0.9742434466326678,
  "porosity_gt": 0.8773444846824363,
  "porosity_abs_err": 0.09689896195023151,
  "bin_phi_mae": 0.11392804980278015,
  "bin_phi_mse": 0.055852048099040985,
  "bin_phi_rmse": 0.23633037507534027,
  "bin_phi_corr": 0.038330054638881145,
  "prob_phi_mae": 0.11390504240989685,
  "prob_phi_mse": 0.055720847100019455,
  "prob_phi_rmse": 0.23605263233184814,
  "prob_phi_corr": 0.03609772832221556
}