{
  "pred_latent_path": "E:\\chendou\\paper_code\\stage07_latent_ldm_code\\generated_latent.npy",
  "gt_latent_path": "D:\\多尺度岩心数据集\\LDM_Data\\Latent_NPY\\w192_s64\\6-6-24_Global_Consistency_z576_y448_x384.npy",
  "gt_voxel_path": "D:\\多尺度岩心数据集\\LDM_Data\\Raw_NPY\\w192_s64\\6-6-24_Global_Consistency_z576_y448_x384.npy",
  "gt_phi_path": "D:\\多尺度岩心数据集\\LDM_Data\\Phi_Maps_NPY\\w192_s64\\6-6-24_Global_Consistency_z576_y448_x384.npy",
  "pred_shape": [
    4,
    24,
    24,
    24
  ],
  "pred_min": -5.671764373779297,
  "pred_max": 5.665096759796143,
  "pred_mean": -0.0787925273180008,
  "pred_std": 0.7425097823143005,
  "latent_mae": 0.8961269855499268,
  "latent_mse": 1.3865498304367065,
  "latent_rmse": 1.1775184869766235,
  "latent_eval_shape": [
    4,
    24,
    24,
    24
  ],
  "voxel_dice": 0.7887442579916787,
  "voxel_iou": 0.6511789629858861,
  "voxel_precision": 0.6997136559352564,
  "voxel_recall": 0.9037341463003804,
  "porosity_pred": 0.8667243674949363,
  "porosity_gt": 0.6710589373553241,
  "porosity_abs_err": 0.19566543013961224,
  "bin_phi_mae": 0.223663330078125,
  "bin_phi_mse": 0.06679154187440872,
  "bin_phi_rmse": 0.2584405839443207,
  "bin_phi_corr": 0.5755439507066326,
  "prob_phi_mae": 0.2214401811361313,
  "prob_phi_mse": 0.06562308222055435,
  "prob_phi_rmse": 0.25617003440856934,
  "prob_phi_corr": 0.5783817605176189
}