{
  "pred_latent_path": "E:\\chendou\\paper_code\\stage07_latent_ldm_code\\generated_latent.npy",
  "gt_latent_path": "D:\\多尺度岩心数据集\\LDM_Data\\Latent_NPY\\w192_s64\\6-6-22_Global_Consistency_z3840_y192_x256.npy",
  "gt_voxel_path": "D:\\多尺度岩心数据集\\LDM_Data\\Raw_NPY\\w192_s64\\6-6-22_Global_Consistency_z3840_y192_x256.npy",
  "gt_phi_path": "D:\\多尺度岩心数据集\\LDM_Data\\Phi_Maps_NPY\\w192_s64\\6-6-22_Global_Consistency_z3840_y192_x256.npy",
  "pred_shape": [
    4,
    24,
    24,
    24
  ],
  "pred_min": -5.669267177581787,
  "pred_max": 5.659938335418701,
  "pred_mean": -0.26663777232170105,
  "pred_std": 0.9924588203430176,
  "latent_mae": 1.0277458429336548,
  "latent_mse": 1.8613213300704956,
  "latent_rmse": 1.3643025159835815,
  "latent_eval_shape": [
    4,
    24,
    24,
    24
  ],
  "voxel_dice": 0.7562843325124168,
  "voxel_iou": 0.6080845906204418,
  "voxel_precision": 0.9645565647100297,
  "voxel_recall": 0.6219825260392527,
  "porosity_pred": 0.6184729116934317,
  "porosity_gt": 0.9591139334219473,
  "porosity_abs_err": 0.3406410217285156,
  "bin_phi_mae": 0.3406410217285156,
  "bin_phi_mse": 0.15122634172439575,
  "bin_phi_rmse": 0.38887831568717957,
  "bin_phi_corr": 0.46934678551491205,
  "prob_phi_mae": 0.3533132076263428,
  "prob_phi_mse": 0.15614742040634155,
  "prob_phi_rmse": 0.3951549232006073,
  "prob_phi_corr": 0.473912618016959
}