{
  "num_samples": 20,
  "bin_phi_corr_mean": 0.45340451558305855,
  "bin_phi_corr_std": 0.2241936798749578,
  "bin_phi_corr_min": 0.065871872392573,
  "bin_phi_corr_max": 0.8651991073614452,
  "bin_phi_mae_mean": 0.09777589663863182,
  "bin_phi_mae_std": 0.027795589210500873,
  "bin_phi_mae_min": 0.04332224652171135,
  "bin_phi_mae_max": 0.15890544652938843,
  "bin_phi_mse_mean": 0.031134093226864935,
  "bin_phi_mse_std": 0.016405689307796983,
  "bin_phi_mse_min": 0.0030404641292989254,
  "bin_phi_mse_max": 0.06382816284894943,
  "bin_phi_rmse_mean": 0.1688778756186366,
  "bin_phi_rmse_std": 0.051130776617706576,
  "bin_phi_rmse_min": 0.05514040216803551,
  "bin_phi_rmse_max": 0.25264236330986023,
  "latent_mae_mean": 0.692136013507843,
  "latent_mae_std": 0.043017329926053914,
  "latent_mae_min": 0.6220496892929077,
  "latent_mae_max": 0.7903915643692017,
  "latent_mse_mean": 0.9917358607053757,
  "latent_mse_std": 0.09245452490782112,
  "latent_mse_min": 0.8584088683128357,
  "latent_mse_max": 1.1960844993591309,
  "latent_rmse_mean": 0.9948001861572265,
  "latent_rmse_std": 0.045917792678415864,
  "latent_rmse_min": 0.926503598690033,
  "latent_rmse_max": 1.0936565399169922,
  "phi_layer0_bias_mean": -0.13165940260514616,
  "phi_layer0_bias_std": 0.07208142393792989,
  "phi_layer0_bias_min": -0.26753151416778564,
  "phi_layer0_bias_max": 0.018597496673464775,
  "phi_layer0_mae_mean": 0.15048510283231736,
  "phi_layer0_mae_std": 0.06285489103975789,
  "phi_layer0_mae_min": 0.049064211547374725,
  "phi_layer0_mae_max": 0.27594587206840515,
  "phi_layer_last_bias_mean": -0.07055259253829718,
  "phi_layer_last_bias_std": 0.04476955102218097,
  "phi_layer_last_bias_min": -0.1477135568857193,
  "phi_layer_last_bias_max": 0.017246246337890625,
  "phi_layer_last_mae_mean": 0.08971385955810547,
  "phi_layer_last_mae_std": 0.04298473433209512,
  "phi_layer_last_mae_min": 0.039123959839344025,
  "phi_layer_last_mae_max": 0.17216068506240845,
  "porosity_abs_err_mean": 0.07634044929786962,
  "porosity_abs_err_std": 0.02951858627712897,
  "porosity_abs_err_min": 0.01087443033854163,
  "porosity_abs_err_max": 0.1288029706036603,
  "porosity_gt_mean": 0.9424922660545064,
  "porosity_gt_std": 0.01976009807705211,
  "porosity_gt_min": 0.889377028853805,
  "porosity_gt_max": 0.9746292961968316,
  "porosity_pred_mean": 0.8672392597904912,
  "porosity_pred_std": 0.028680106759271868,
  "porosity_pred_min": 0.8086963229709201,
  "porosity_pred_max": 0.9210500363950376,
  "pred_bin_porosity_mean": 0.8672392597904912,
  "pred_bin_porosity_std": 0.028680106759271868,
  "pred_bin_porosity_min": 0.8086963229709201,
  "pred_bin_porosity_max": 0.9210500363950376,
  "pred_latent_mean_mean": -0.10668369010090828,
  "pred_latent_mean_std": 0.01975573227510636,
  "pred_latent_mean_min": -0.13391083478927612,
  "pred_latent_mean_max": -0.06789520382881165,
  "pred_latent_std_mean": 0.6595144659280777,
  "pred_latent_std_std": 0.04413117379747153,
  "pred_latent_std_min": 0.5576502680778503,
  "pred_latent_std_max": 0.7515043020248413,
  "pred_prob_mean_mean": 0.8674671530723572,
  "pred_prob_mean_std": 0.027860866737086213,
  "pred_prob_mean_min": 0.8115371465682983,
  "pred_prob_mean_max": 0.9198599457740784,
  "pred_prob_std_mean": 0.3219481334090233,
  "pred_prob_std_std": 0.028289326084377182,
  "pred_prob_std_min": 0.25933730602264404,
  "pred_prob_std_max": 0.36712005734443665,
  "prob_phi_corr_mean": 0.4494221099931762,
  "prob_phi_corr_std": 0.22400455612333248,
  "prob_phi_corr_min": 0.0639781379481239,
  "prob_phi_corr_max": 0.8626289070048448,
  "prob_phi_mae_mean": 0.09659736528992653,
  "prob_phi_mae_std": 0.027365395581158563,
  "prob_phi_mae_min": 0.04222632199525833,
  "prob_phi_mae_max": 0.15611404180526733,
  "prob_phi_mse_mean": 0.030296957155223937,
  "prob_phi_mse_std": 0.015988529794860495,
  "prob_phi_mse_min": 0.002938081743195653,
  "prob_phi_mse_max": 0.06157449260354042,
  "prob_phi_rmse_mean": 0.16657584272325038,
  "prob_phi_rmse_std": 0.050492031241583225,
  "prob_phi_rmse_min": 0.054204076528549194,
  "prob_phi_rmse_max": 0.2481420785188675,
  "sample_index_mean": 9.5,
  "sample_index_std": 5.766281297335398,
  "sample_index_min": 0.0,
  "sample_index_max": 19.0,
  "seed_mean": 481597.55,
  "seed_std": 335474.05676914495,
  "seed_min": 4480.0,
  "seed_max": 934562.0,
  "time_sec_mean": 67.88799042701721,
  "time_sec_std": 1.4913098451607625,
  "time_sec_min": 67.33262467384338,
  "time_sec_max": 74.36369609832764,
  "voxel_dice_mean": 0.9096471761748306,
  "voxel_dice_std": 0.017584682711827712,
  "voxel_dice_min": 0.873231717100303,
  "voxel_dice_max": 0.9419112491683984,
  "voxel_iou_mean": 0.8347448567595072,
  "voxel_iou_std": 0.029532673876736155,
  "voxel_iou_min": 0.774987839427884,
  "voxel_iou_max": 0.8902006078678241,
  "voxel_precision_mean": 0.9493867417841949,
  "voxel_precision_std": 0.015862180584054943,
  "voxel_precision_min": 0.9155985424384758,
  "voxel_precision_max": 0.976289830155657,
  "voxel_recall_mean": 0.873653955711044,
  "voxel_recall_std": 0.02890883828647007,
  "voxel_recall_min": 0.8132450909989641,
  "voxel_recall_max": 0.9319238182579915,
  "z_head_porosity_gap_mean": -0.1299269782172309,
  "z_head_porosity_gap_std": 0.07842500585856649,
  "z_head_porosity_gap_min": -0.2438201904296875,
  "z_head_porosity_gap_max": 0.01386684841579866,
  "z_head_porosity_gt_mean": 0.9542671203613283,
  "z_head_porosity_gt_std": 0.016380293534964722,
  "z_head_porosity_gt_min": 0.9237874348958334,
  "z_head_porosity_gt_max": 0.9834459092881944,
  "z_head_porosity_pred_mean": 0.8243401421440971,
  "z_head_porosity_pred_std": 0.0765330517686296,
  "z_head_porosity_pred_min": 0.6968926323784722,
  "z_head_porosity_pred_max": 0.9534369574652778,
  "z_tail_porosity_gap_mean": -0.09622590806749132,
  "z_tail_porosity_gap_std": 0.07233491324059693,
  "z_tail_porosity_gap_min": -0.21668667263454855,
  "z_tail_porosity_gap_max": 0.01961093478732645,
  "z_tail_porosity_gt_mean": 0.9394414265950521,
  "z_tail_porosity_gt_std": 0.0355144825722567,
  "z_tail_porosity_gt_min": 0.8552619086371528,
  "z_tail_porosity_gt_max": 0.9947001139322916,
  "z_tail_porosity_pred_mean": 0.8432155185275608,
  "z_tail_porosity_pred_std": 0.07586375613895006,
  "z_tail_porosity_pred_min": 0.7269727918836806,
  "z_tail_porosity_pred_max": 0.9655897352430556,
  "ckpt": "E:\\chendou\\paper_code\\stage07_latent_ldm_code\\exp_results\\stage07_patch_ldm_v0\\models\\unet_epoch_22.pth",
  "phi_dir": "D:\\多尺度岩心数据集\\LDM_Data\\Phi_Maps_NPY\\w192_s64",
  "num_selected": 20,
  "seed_mode": "name_hash",
  "threshold": 0.5,
  "ddim_steps": 200
}