Sample Group,Mean Porosity(%),Std Dev,Min,Max,REV Count
,8.780202916438313,7.201430795888502,0.02035498619079,98.37149381637572,5745
