{
  "pred_latent_path": "E:\\chendou\\paper_code\\stage07_latent_ldm_code\\generated_latent.npy",
  "gt_latent_path": "D:\\多尺度岩心数据集\\LDM_Data\\Latent_NPY\\w192_s64\\6-6-21_Global_Consistency_z1024_y320_x448.npy",
  "gt_voxel_path": "D:\\多尺度岩心数据集\\LDM_Data\\Raw_NPY\\w192_s64\\6-6-21_Global_Consistency_z1024_y320_x448.npy",
  "gt_phi_path": "D:\\多尺度岩心数据集\\LDM_Data\\Phi_Maps_NPY\\w192_s64\\6-6-21_Global_Consistency_z1024_y320_x448.npy",
  "pred_shape": [
    4,
    24,
    24,
    24
  ],
  "pred_min": -5.661520481109619,
  "pred_max": 5.671815872192383,
  "pred_mean": 0.19614621996879578,
  "pred_std": 0.9098424911499023,
  "latent_mae": 0.8710051774978638,
  "latent_mse": 1.4079340696334839,
  "latent_rmse": 1.1865639686584473,
  "latent_eval_shape": [
    4,
    24,
    24,
    24
  ],
  "voxel_dice": 0.9239320779256152,
  "voxel_iou": 0.8586187349070952,
  "voxel_precision": 0.9083981778757345,
  "voxel_recall": 0.9400064902498732,
  "porosity_pred": 0.9415985389992043,
  "porosity_gt": 0.9099366929796007,
  "porosity_abs_err": 0.031661846019603646,
  "bin_phi_mae": 0.10068272054195404,
  "bin_phi_mse": 0.027430392801761627,
  "bin_phi_rmse": 0.16562123596668243,
  "bin_phi_corr": -0.027940977843330717,
  "prob_phi_mae": 0.09973953664302826,
  "prob_phi_mse": 0.026959776878356934,
  "prob_phi_rmse": 0.16419433057308197,
  "prob_phi_corr": -0.027589740423496316
}