{
  "pred_latent_path": "E:\\chendou\\paper_code\\stage07_latent_ldm_code\\generated_latent.npy",
  "gt_latent_path": "D:\\多尺度岩心数据集\\LDM_Data\\Latent_NPY\\w192_s64\\6-6-22_Global_Consistency_z1792_y192_x448.npy",
  "gt_voxel_path": "D:\\多尺度岩心数据集\\LDM_Data\\Raw_NPY\\w192_s64\\6-6-22_Global_Consistency_z1792_y192_x448.npy",
  "gt_phi_path": "D:\\多尺度岩心数据集\\LDM_Data\\Phi_Maps_NPY\\w192_s64\\6-6-22_Global_Consistency_z1792_y192_x448.npy",
  "pred_shape": [
    4,
    24,
    24,
    24
  ],
  "pred_min": -5.6687092781066895,
  "pred_max": 4.47245454788208,
  "pred_mean": -0.09524460136890411,
  "pred_std": 0.6430951356887817,
  "latent_mae": 0.6819614171981812,
  "latent_mse": 0.9015792608261108,
  "latent_rmse": 0.9495152831077576,
  "latent_eval_shape": [
    4,
    24,
    24,
    24
  ],
  "voxel_dice": 0.8575859521397957,
  "voxel_iou": 0.7506787523718697,
  "voxel_precision": 0.822424189561668,
  "voxel_recall": 0.8958885976185263,
  "porosity_pred": 0.8568794815628616,
  "porosity_gt": 0.7866138882107205,
  "porosity_abs_err": 0.07026559335214111,
  "bin_phi_mae": 0.15093033015727997,
  "bin_phi_mse": 0.040647055953741074,
  "bin_phi_rmse": 0.20161114633083344,
  "bin_phi_corr": 0.618044009421316,
  "prob_phi_mae": 0.14937639236450195,
  "prob_phi_mse": 0.040085092186927795,
  "prob_phi_rmse": 0.20021261274814606,
  "prob_phi_corr": 0.6186714919537266
}