{
  "num_samples": 20,
  "bin_phi_corr_mean": 0.40860324015303384,
  "bin_phi_corr_std": 0.30353389054960056,
  "bin_phi_corr_min": -0.1854331691378357,
  "bin_phi_corr_max": 0.8640624805358642,
  "bin_phi_mae_mean": 0.07871489329263567,
  "bin_phi_mae_std": 0.043808961418631796,
  "bin_phi_mae_min": 0.02800143137574196,
  "bin_phi_mae_max": 0.1705196499824524,
  "bin_phi_mse_mean": 0.016505181475076826,
  "bin_phi_mse_std": 0.013997523825225122,
  "bin_phi_mse_min": 0.0020329260732978582,
  "bin_phi_mse_max": 0.049642413854599,
  "bin_phi_rmse_mean": 0.11733731720596552,
  "bin_phi_rmse_std": 0.052317638027636164,
  "bin_phi_rmse_min": 0.04508798196911812,
  "bin_phi_rmse_max": 0.22280578315258026,
  "latent_mae_mean": 0.6544145286083222,
  "latent_mae_std": 0.1311104539749045,
  "latent_mae_min": 0.4683154821395874,
  "latent_mae_max": 0.9030566811561584,
  "latent_mse_mean": 0.8832940429449081,
  "latent_mse_std": 0.25068761823830177,
  "latent_mse_min": 0.5225917100906372,
  "latent_mse_max": 1.4191070795059204,
  "latent_rmse_mean": 0.9304358065128326,
  "latent_rmse_std": 0.13260186960181844,
  "latent_rmse_min": 0.7229050397872925,
  "latent_rmse_max": 1.1912628412246704,
  "phi_layer0_bias_mean": 0.023677147764828987,
  "phi_layer0_bias_std": 0.04633801909435028,
  "phi_layer0_bias_min": -0.0776248499751091,
  "phi_layer0_bias_max": 0.087921142578125,
  "phi_layer0_mae_mean": 0.07031339108943939,
  "phi_layer0_mae_std": 0.05260330761219361,
  "phi_layer0_mae_min": 0.010241190902888775,
  "phi_layer0_mae_max": 0.20049625635147095,
  "phi_layer_last_bias_mean": 0.060912110429489984,
  "phi_layer_last_bias_std": 0.06898051257005305,
  "phi_layer_last_bias_min": -0.0394710972905159,
  "phi_layer_last_bias_max": 0.22185346484184265,
  "phi_layer_last_mae_mean": 0.08844710364937783,
  "phi_layer_last_mae_std": 0.057963214661288315,
  "phi_layer_last_mae_min": 0.0169957485049963,
  "phi_layer_last_mae_max": 0.22185346484184265,
  "porosity_abs_err_mean": 0.05012072810420283,
  "porosity_abs_err_std": 0.04470308053803247,
  "porosity_abs_err_min": 0.0012636537905093004,
  "porosity_abs_err_max": 0.144425144901982,
  "porosity_gt_mean": 0.8955365852073388,
  "porosity_gt_std": 0.07537417075519186,
  "porosity_gt_min": 0.7255833943684896,
  "porosity_gt_max": 0.9727697019223813,
  "porosity_pred_mean": 0.9410046965987593,
  "porosity_pred_std": 0.032810555776895005,
  "porosity_pred_min": 0.8636026735658999,
  "porosity_pred_max": 0.9872703552246094,
  "pred_bin_porosity_mean": 0.9410046965987593,
  "pred_bin_porosity_std": 0.032810555776895005,
  "pred_bin_porosity_min": 0.8636026735658999,
  "pred_bin_porosity_max": 0.9872703552246094,
  "pred_latent_mean_mean": -0.049767289264127615,
  "pred_latent_mean_std": 0.01962256052279236,
  "pred_latent_mean_min": -0.08480808138847351,
  "pred_latent_mean_max": -0.01213573757559061,
  "pred_latent_std_mean": 0.5832974627614022,
  "pred_latent_std_std": 0.09944925317357853,
  "pred_latent_std_min": 0.40746134519577026,
  "pred_latent_std_max": 0.7439197897911072,
  "pred_prob_mean_mean": 0.940097975730896,
  "pred_prob_mean_std": 0.03308138817187567,
  "pred_prob_mean_min": 0.8626744151115417,
  "pred_prob_mean_max": 0.9871870875358582,
  "pred_prob_std_mean": 0.21885034590959548,
  "pred_prob_std_std": 0.05611388877987149,
  "pred_prob_std_min": 0.10889479517936707,
  "pred_prob_std_max": 0.33057737350463867,
  "prob_phi_corr_mean": 0.408868656137993,
  "prob_phi_corr_std": 0.3044028082845021,
  "prob_phi_corr_min": -0.1854711364310432,
  "prob_phi_corr_max": 0.8680229267097734,
  "prob_phi_mae_mean": 0.07797000929713249,
  "prob_phi_mae_std": 0.04317161760151586,
  "prob_phi_mae_min": 0.028122277930378914,
  "prob_phi_mae_max": 0.16859079897403717,
  "prob_phi_mse_mean": 0.016287579538766295,
  "prob_phi_mse_std": 0.013779169891688772,
  "prob_phi_mse_min": 0.0020350846461951733,
  "prob_phi_mse_max": 0.04895487427711487,
  "prob_phi_rmse_mean": 0.11661751847714186,
  "prob_phi_rmse_std": 0.051845288092625924,
  "prob_phi_rmse_min": 0.04511191323399544,
  "prob_phi_rmse_max": 0.22125747799873352,
  "sample_index_mean": 9.5,
  "sample_index_std": 5.766281297335398,
  "sample_index_min": 0.0,
  "sample_index_max": 19.0,
  "seed_mean": 399504.55,
  "seed_std": 232198.04871111107,
  "seed_min": 92669.0,
  "seed_max": 922652.0,
  "time_sec_mean": 68.05804076194764,
  "time_sec_std": 1.7399452977734193,
  "time_sec_min": 67.18613624572754,
  "time_sec_max": 74.23984265327454,
  "voxel_dice_mean": 0.9252047887975353,
  "voxel_dice_std": 0.045085863314174926,
  "voxel_dice_min": 0.8374282690780759,
  "voxel_dice_max": 0.9794670002837355,
  "voxel_iou_mean": 0.8639922257019601,
  "voxel_iou_std": 0.07567584600919162,
  "voxel_iou_min": 0.7203239566250176,
  "voxel_iou_max": 0.9597602434767453,
  "voxel_precision_mean": 0.9033566284711971,
  "voxel_precision_std": 0.066948614261813,
  "voxel_precision_min": 0.7679199288449817,
  "voxel_precision_max": 0.9742348589129775,
  "voxel_recall_mean": 0.9497899306108575,
  "voxel_recall_std": 0.023794228285795145,
  "voxel_recall_min": 0.9010551606151119,
  "voxel_recall_max": 0.9873415218295664,
  "z_head_porosity_gap_mean": -0.043681589762369785,
  "z_head_porosity_gap_std": 0.05742359657347497,
  "z_head_porosity_gap_min": -0.11834716796875,
  "z_head_porosity_gap_max": 0.11906941731770837,
  "z_head_porosity_gt_mean": 0.9219426472981771,
  "z_head_porosity_gt_std": 0.07402816983501169,
  "z_head_porosity_gt_min": 0.7280290391710069,
  "z_head_porosity_gt_max": 0.9944966634114584,
  "z_head_porosity_pred_mean": 0.8782610575358072,
  "z_head_porosity_pred_std": 0.029117268794884958,
  "z_head_porosity_pred_min": 0.8198326958550347,
  "z_head_porosity_pred_max": 0.9358283148871528,
  "z_tail_porosity_gap_mean": 0.06830486721462674,
  "z_tail_porosity_gap_std": 0.07095763669540861,
  "z_tail_porosity_gap_min": -0.03286912706163192,
  "z_tail_porosity_gap_max": 0.24490865071614587,
  "z_tail_porosity_gt_mean": 0.8822948031955296,
  "z_tail_porosity_gt_std": 0.09246494408383318,
  "z_tail_porosity_gt_min": 0.6425899929470487,
  "z_tail_porosity_gt_max": 0.9946526421440972,
  "z_tail_porosity_pred_mean": 0.950599670410156,
  "z_tail_porosity_pred_std": 0.06875703504081572,
  "z_tail_porosity_pred_min": 0.7440338134765625,
  "z_tail_porosity_pred_max": 1.0,
  "ckpt": "E:\\chendou\\paper_code\\stage07_latent_ldm_code\\exp_results\\stage07_patch_ldm_v1\\models\\unet_epoch_44.pth",
  "phi_dir": "D:\\多尺度岩心数据集\\LDM_Data\\Phi_Maps_NPY\\w192_s64",
  "num_selected": 20,
  "sample_mode": "random",
  "sample_seed": 1234,
  "seed_mode": "name_hash",
  "threshold": 0.5,
  "ddim_steps": 200,
  "infer_use_ema": true,
  "infer_order": "ijk",
  "infer_direction": "+++",
  "infer_random_order": true,
  "infer_random_direction": true
}