{
  "pred_latent_path": "E:\\chendou\\paper_code\\stage07_latent_ldm_code\\generated_latent.npy",
  "gt_latent_path": "D:\\多尺度岩心数据集\\LDM_Data\\Latent_NPY\\w192_s64\\6-6-21_Global_Consistency_z1024_y320_x448.npy",
  "gt_voxel_path": "D:\\多尺度岩心数据集\\LDM_Data\\Raw_NPY\\w192_s64\\6-6-21_Global_Consistency_z1024_y320_x448.npy",
  "gt_phi_path": "D:\\多尺度岩心数据集\\LDM_Data\\Phi_Maps_NPY\\w192_s64\\6-6-21_Global_Consistency_z1024_y320_x448.npy",
  "pred_shape": [
    4,
    24,
    24,
    24
  ],
  "pred_min": -5.649069309234619,
  "pred_max": 5.656188011169434,
  "pred_mean": 0.15292784571647644,
  "pred_std": 0.9796209931373596,
  "latent_mae": 0.8463753461837769,
  "latent_mse": 1.4210652112960815,
  "latent_rmse": 1.1920844316482544,
  "latent_eval_shape": [
    4,
    24,
    24,
    24
  ],
  "voxel_dice": 0.9239125281048753,
  "voxel_iou": 0.8585849684484753,
  "voxel_precision": 0.9117426382404359,
  "voxel_recall": 0.9364116992188395,
  "porosity_pred": 0.9345568904170284,
  "porosity_gt": 0.9099366929796007,
  "porosity_abs_err": 0.024620197437427715,
  "bin_phi_mae": 0.06348772346973419,
  "bin_phi_mse": 0.010599370114505291,
  "bin_phi_rmse": 0.102953240275383,
  "bin_phi_corr": 0.4149443260774322,
  "prob_phi_mae": 0.062275480479002,
  "prob_phi_mse": 0.010363541543483734,
  "prob_phi_rmse": 0.10180147737264633,
  "prob_phi_corr": 0.4117150906521603
}