{
  "num_samples": 210,
  "gt_bin_rock_fraction_mean": 0.9271725192061597,
  "gt_bin_rock_fraction_std": 0.06071965894882787,
  "gt_bin_rock_fraction_min": 0.6224872447826244,
  "gt_bin_rock_fraction_max": 0.9959226537633825,
  "kabs_gt_x_ok_mean": 0.0,
  "kabs_gt_x_ok_std": 0.0,
  "kabs_gt_x_ok_min": 0.0,
  "kabs_gt_x_ok_max": 0.0,
  "kabs_gt_y_ok_mean": 0.0,
  "kabs_gt_y_ok_std": 0.0,
  "kabs_gt_y_ok_min": 0.0,
  "kabs_gt_y_ok_max": 0.0,
  "kabs_gt_z_ok_mean": 0.0,
  "kabs_gt_z_ok_std": 0.0,
  "kabs_gt_z_ok_min": 0.0,
  "kabs_gt_z_ok_max": 0.0,
  "kabs_pred_x_mean": 0.003831851035577927,
  "kabs_pred_x_std": 0.0035964205424570787,
  "kabs_pred_x_min": 0.00023543049312084864,
  "kabs_pred_x_max": 0.0074282715780350055,
  "kabs_pred_x_ok_mean": 0.1,
  "kabs_pred_x_ok_std": 0.30000000000000004,
  "kabs_pred_x_ok_min": 0.0,
  "kabs_pred_x_ok_max": 1.0,
  "kabs_pred_y_mean": 0.0010663489538674184,
  "kabs_pred_y_std": 0.0010663489538674184,
  "kabs_pred_y_min": 0.0,
  "kabs_pred_y_max": 0.0021326979077348368,
  "kabs_pred_y_ok_mean": 0.1,
  "kabs_pred_y_ok_std": 0.30000000000000004,
  "kabs_pred_y_ok_min": 0.0,
  "kabs_pred_y_ok_max": 1.0,
  "kabs_pred_z_mean": 0.010773183808244187,
  "kabs_pred_z_std": 0.0,
  "kabs_pred_z_min": 0.010773183808244187,
  "kabs_pred_z_max": 0.010773183808244187,
  "kabs_pred_z_ok_mean": 0.05,
  "kabs_pred_z_ok_std": 0.21794494717703364,
  "kabs_pred_z_ok_min": 0.0,
  "kabs_pred_z_ok_max": 1.0,
  "phi16_pore_bias_mean": 0.019756266679713336,
  "phi16_pore_bias_std": 0.008752892849436733,
  "phi16_pore_bias_min": 0.0022250987865306713,
  "phi16_pore_bias_max": 0.03524158619068287,
  "phi16_pore_corr_mean": 0.9869315939087734,
  "phi16_pore_corr_std": 0.006830234540174707,
  "phi16_pore_corr_min": 0.9663625829215395,
  "phi16_pore_corr_max": 0.9967704503949905,
  "phi16_pore_mae_mean": 0.019854224337892346,
  "phi16_pore_mae_std": 0.008759363176612151,
  "phi16_pore_mae_min": 0.002232445610894097,
  "phi16_pore_mae_max": 0.03532748752170139,
  "phi16_pore_rmse_mean": 0.03919081919142146,
  "phi16_pore_rmse_std": 0.011273703312209612,
  "phi16_pore_rmse_min": 0.01217145185179859,
  "phi16_pore_rmse_max": 0.06278677856518,
  "phi32_pore_bias_mean": 0.019756266679713336,
  "phi32_pore_bias_std": 0.008752892849436733,
  "phi32_pore_bias_min": 0.0022250987865306713,
  "phi32_pore_bias_max": 0.03524158619068287,
  "phi32_pore_corr_mean": 0.9911266893257707,
  "phi32_pore_corr_std": 0.006171937838183085,
  "phi32_pore_corr_min": 0.9666303502225062,
  "phi32_pore_corr_max": 0.9985425845013752,
  "phi32_pore_mae_mean": 0.019775272887430077,
  "phi32_pore_mae_std": 0.008747441902706576,
  "phi32_pore_mae_min": 0.002231315330222801,
  "phi32_pore_mae_max": 0.03524978072554977,
  "phi32_pore_rmse_mean": 0.03163806830314314,
  "phi32_pore_rmse_std": 0.010329998488790966,
  "phi32_pore_rmse_min": 0.007580996687885708,
  "phi32_pore_rmse_max": 0.05257321709754897,
  "phi64_pore_bias_mean": 0.019756266679713336,
  "phi64_pore_bias_std": 0.008752892849436733,
  "phi64_pore_bias_min": 0.0022250987865306713,
  "phi64_pore_bias_max": 0.03524158619068287,
  "phi64_pore_corr_mean": 0.993776001370002,
  "phi64_pore_corr_std": 0.0062414414539949704,
  "phi64_pore_corr_min": 0.9648186340599323,
  "phi64_pore_corr_max": 0.9995424973036066,
  "phi64_pore_mae_mean": 0.019757148029522498,
  "phi64_pore_mae_std": 0.008752116382164206,
  "phi64_pore_mae_min": 0.002228207058376736,
  "phi64_pore_mae_max": 0.03524158619068287,
  "phi64_pore_rmse_mean": 0.026062413328498707,
  "phi64_pore_rmse_std": 0.009837332108271412,
  "phi64_pore_rmse_min": 0.0045753516274693595,
  "phi64_pore_rmse_max": 0.04595091988533541,
  "phi8_pore_bias_mean": 0.019756266679713336,
  "phi8_pore_bias_std": 0.008752892849436733,
  "phi8_pore_bias_min": 0.0022250987865306713,
  "phi8_pore_bias_max": 0.03524158619068287,
  "phi8_pore_corr_mean": 0.9796822323449714,
  "phi8_pore_corr_std": 0.008400676165117424,
  "phi8_pore_corr_min": 0.952669398730633,
  "phi8_pore_corr_max": 0.994619400024217,
  "phi8_pore_mae_mean": 0.019972329249037215,
  "phi8_pore_mae_std": 0.008798421961606571,
  "phi8_pore_mae_min": 0.0022372493037471066,
  "phi8_pore_mae_max": 0.035431755913628474,
  "phi8_pore_rmse_mean": 0.05029423486550519,
  "phi8_pore_rmse_std": 0.01314980399417159,
  "phi8_pore_rmse_min": 0.017142377571316293,
  "phi8_pore_rmse_max": 0.07553991719718299,
  "pore_porosity_abs_err_mean": 0.019756266679713336,
  "pore_porosity_abs_err_std": 0.008752892849436733,
  "pore_porosity_abs_err_min": 0.002225098786530672,
  "pore_porosity_abs_err_max": 0.035241586190682864,
  "pore_porosity_gt_mean": 0.07282748079384024,
  "pore_porosity_gt_std": 0.06071965894882787,
  "pore_porosity_gt_min": 0.004077346236617477,
  "pore_porosity_gt_max": 0.3775127552173756,
  "pore_porosity_pred_mean": 0.0925837474735536,
  "pore_porosity_pred_std": 0.06665729996785189,
  "pore_porosity_pred_min": 0.006308944137008102,
  "pore_porosity_pred_max": 0.403856771963614,
  "pred_bin_rock_fraction_mean": 0.9074162525264463,
  "pred_bin_rock_fraction_std": 0.06665729996785189,
  "pred_bin_rock_fraction_min": 0.596143228036386,
  "pred_bin_rock_fraction_max": 0.9936910558629919,
  "pred_prob_mean_mean": 0.9047410346212841,
  "pred_prob_mean_std": 0.06688664974524905,
  "pred_prob_mean_min": 0.5964002013206482,
  "pred_prob_mean_max": 0.9936749935150146,
  "pred_prob_std_mean": 0.2638960563355968,
  "pred_prob_std_std": 0.08159159845188997,
  "pred_prob_std_min": 0.07861076295375824,
  "pred_prob_std_max": 0.478682279586792,
  "sample_index_mean": 104.5,
  "sample_index_std": 60.621090939265244,
  "sample_index_min": 0.0,
  "sample_index_max": 209.0,
  "time_sec_mean": 21.892650028637476,
  "time_sec_std": 24.757834101266553,
  "time_sec_min": 13.643937110900879,
  "time_sec_max": 121.0977873802185,
  "tp2_bias_mean_mean": 0.010799830034435562,
  "tp2_bias_mean_std": 0.006587033859138989,
  "tp2_bias_mean_min": 0.0006032293388147302,
  "tp2_bias_mean_max": 0.02699326610926426,
  "tp2_corr_mean": 0.9991210286586568,
  "tp2_corr_std": 0.0012445640775758232,
  "tp2_corr_min": 0.9908912357381606,
  "tp2_corr_max": 0.9999919674896942,
  "tp2_mae_mean": 0.010799830034435562,
  "tp2_mae_std": 0.006587033859138989,
  "tp2_mae_min": 0.0006032293388147302,
  "tp2_mae_max": 0.02699326610926426,
  "tp2_mse_mean": 0.00017533358683319527,
  "tp2_mse_std": 0.0001724478889916975,
  "tp2_mse_min": 7.277324611838955e-07,
  "tp2_mse_max": 0.0007319593942700787,
  "tp2_rmse_mean": 0.011518043073406594,
  "tp2_rmse_std": 0.006532095421252328,
  "tp2_rmse_min": 0.0008530723657368673,
  "tp2_rmse_max": 0.027054748091048245,
  "tp2_x_corr_mean": 0.9991416479676332,
  "tp2_x_corr_std": 0.001144626272290287,
  "tp2_x_corr_min": 0.9921557521708655,
  "tp2_x_corr_max": 0.9999895784531243,
  "tp2_x_mae_mean": 0.011040039111817763,
  "tp2_x_mae_std": 0.006732362598041255,
  "tp2_x_mae_min": 0.0005456321434228977,
  "tp2_x_mae_max": 0.027092978358268738,
  "tp2_x_rmse_mean": 0.011724347691536923,
  "tp2_x_rmse_std": 0.006660438836309404,
  "tp2_x_rmse_min": 0.0008185359236536638,
  "tp2_x_rmse_max": 0.027154213083088467,
  "tp2_y_corr_mean": 0.9989296664090007,
  "tp2_y_corr_std": 0.0016023228343853982,
  "tp2_y_corr_min": 0.9857530044261359,
  "tp2_y_corr_max": 0.9999845898590076,
  "tp2_y_mae_mean": 0.011073709692245953,
  "tp2_y_mae_std": 0.006728356310698142,
  "tp2_y_mae_min": 0.0006514751673393855,
  "tp2_y_mae_max": 0.02790857716040178,
  "tp2_y_rmse_mean": 0.011781218583658508,
  "tp2_y_rmse_std": 0.006661115724579858,
  "tp2_y_rmse_min": 0.0008790883944325052,
  "tp2_y_rmse_max": 0.027939628552830068,
  "tp2_z_corr_mean": 0.9990287041582075,
  "tp2_z_corr_std": 0.0013528841938150868,
  "tp2_z_corr_min": 0.988444492180135,
  "tp2_z_corr_max": 0.9999706224501084,
  "tp2_z_mae_mean": 0.010285741217034187,
  "tp2_z_mae_std": 0.006385362786545362,
  "tp2_z_mae_min": 0.0005616622215849488,
  "tp2_z_mae_max": 0.026049513031135906,