{
  "pred_latent_path": "E:\\chendou\\paper_code\\stage07_latent_ldm_code\\generated_latent.npy",
  "gt_latent_path": "D:\\多尺度岩心数据集\\LDM_Data\\Latent_NPY\\w192_s64\\6-6-21_Global_Consistency_z1024_y320_x448.npy",
  "gt_voxel_path": "D:\\多尺度岩心数据集\\LDM_Data\\Raw_NPY\\w192_s64\\6-6-21_Global_Consistency_z1024_y320_x448.npy",
  "gt_phi_path": "D:\\多尺度岩心数据集\\LDM_Data\\Phi_Maps_NPY\\w192_s64\\6-6-21_Global_Consistency_z1024_y320_x448.npy",
  "pred_shape": [
    4,
    24,
    24,
    24
  ],
  "pred_min": -5.654965877532959,
  "pred_max": 5.671736717224121,
  "pred_mean": 0.17768453061580658,
  "pred_std": 1.0691429376602173,
  "latent_mae": 0.9845736026763916,
  "latent_mse": 1.7630246877670288,
  "latent_rmse": 1.3277894258499146,
  "latent_eval_shape": [
    4,
    24,
    24,
    24
  ],
  "voxel_dice": 0.9258325092551773,
  "voxel_iou": 0.8619070277515188,
  "voxel_precision": 0.908200034052924,
  "voxel_recall": 0.9441632002832094,
  "porosity_pred": 0.9459686279296875,
  "porosity_gt": 0.9099366929796007,
  "porosity_abs_err": 0.03603193495008683,
  "bin_phi_mae": 0.08587279170751572,
  "bin_phi_mse": 0.019685517996549606,
  "bin_phi_rmse": 0.14030508697032928,
  "bin_phi_corr": 0.011926608579778572,
  "prob_phi_mae": 0.084696926176548,
  "prob_phi_mse": 0.01931973546743393,
  "prob_phi_rmse": 0.1389954537153244,
  "prob_phi_corr": 0.011445970179254302
}