{
  "pred_latent_path": "E:\\chendou\\paper_code\\stage07_latent_ldm_code\\generated_latent.npy",
  "gt_latent_path": "D:\\多尺度岩心数据集\\LDM_Data\\Latent_NPY\\w192_s64\\6-6-22_Global_Consistency_z1728_y512_x512.npy",
  "gt_voxel_path": "D:\\多尺度岩心数据集\\LDM_Data\\Raw_NPY\\w192_s64\\6-6-22_Global_Consistency_z1728_y512_x512.npy",
  "gt_phi_path": "D:\\多尺度岩心数据集\\LDM_Data\\Phi_Maps_NPY\\w192_s64\\6-6-22_Global_Consistency_z1728_y512_x512.npy",
  "pred_shape": [
    4,
    24,
    24,
    24
  ],
  "pred_min": -5.669439315795898,
  "pred_max": 5.666120529174805,
  "pred_mean": 0.19364163279533386,
  "pred_std": 0.9224971532821655,
  "latent_mae": 0.7839712500572205,
  "latent_mse": 1.1586050987243652,
  "latent_rmse": 1.0763851404190063,
  "latent_eval_shape": [
    4,
    24,
    24,
    24
  ],
  "voxel_dice": 0.9141695056583232,
  "voxel_iou": 0.8419081158819091,
  "voxel_precision": 0.8816870579615194,
  "voxel_recall": 0.9491368890128502,
  "porosity_pred": 0.9444621050799334,
  "porosity_gt": 0.8773444846824363,
  "porosity_abs_err": 0.06711762039749714,
  "bin_phi_mae": 0.11768580973148346,
  "bin_phi_mse": 0.05708876624703407,
  "bin_phi_rmse": 0.2389325499534607,
  "bin_phi_corr": 0.028415588958543344,
  "prob_phi_mae": 0.1175481304526329,
  "prob_phi_mse": 0.05691247060894966,
  "prob_phi_rmse": 0.23856334388256073,
  "prob_phi_corr": 0.030005027421099197
}